ID,text,POPULIST,POPULIST_PeopleCent,POPULIST_AntiElite,POPULIST_Sovereign,POPULIST_Advocative,POPULIST_Conflictive,ANTIPOPULIST,APOPULIST_PeopleCent,APOPULIST_AntiElite,APOPULIST_Sovereign,APOPULIST_Advocative,APOPULIST_Conflictive,POP_Total,POP_Unchall,POP_Emph,Main_Issue,Author,Date,Bemerkungen,Sample_Lang,Sample_Type,text_prep
cd_pm_el_95_60004.txt,"Text ID:
cd_pm_el_95_60004.txt

Party Manifesto: SP (Switzerland) - National Elections 1995
-------------------------------------

Die Schweiz ist das reichste Land der Welt. Wir geben aber im internationalen Vergleich wenig fuer den Sozialstaat aus. Deshalb sind Steuern und Lohnnebenkosten in der Schweiz tiefer als in vergleichbaren Laendern.
Der Sozialstaat in den industrialisierten Laendern ist im wesentlichen eine soziale Errungenschaft der Gewerkschaften und der Sozialdemokratie. Die Menschen haben zurecht Anspruch auf guten Lohn und auf finanzielle Sicherheit, bei Krankheit, bei Arbeitslosigkeit, bei der Mutterschaft und im Alter.

Das Netz der sozialen Sicherheit sorgt fuer sozialen Ausgleich und Solidaritaet und garantiert eine menschenwuerdige Existenz. Es muss deshalb zukunftsgerichtet um- und ausgebaut werden. Statt dessen will die politische Rechte in der Schweiz dieses Netz zerreissen. Vom sozialen Ausgleich sollen - wenn es nach dem Willen buergerlicher Kreise geht - nicht mehr die grosse Mehrheit der Lohnabhaengigen profitieren, sondern nur mehr jene, die auf Leistungen der Fuersorge angewiesen sind. Dies, um die grossen Einkommen und Vermoegen weiter zu entlasten.

Die SP will - wie die Mehrheit der Schweizerinnen und Schweizer - keinen Abbau der sozialen Leistungen, sondern einen gezielten Ausbau:
* Die 10. AHV-Revision muss ohne Erhoehung des Rentenalters fuer Frauen realisiert werden. Die AHV-Renten muessen - so wie es in der Verfassung steht - existenzsichernd werden.
* Die Mutterschaftsversicherung muss fuer berufstaetige und nichtberufstaetige Muetter unverzueglich realisiert werden.
* Die Kinderzulagen sind auf 500 Franken zu erhoehen und wer Pflegeleistungen erbringt, soll dafuer finanzielle Leistungen erhalten. Alle Sozialversicherungen muessen kuenftig den gewandelten Lebensverhaeltnissen der Menschen und vor allem den Frauen, die den groessten Teil der unbezahlten Arbeit leisten, Rechnung tragen.
* Im Rahmen der Arbeitslosenversicherung duerfen die Frauen und Maenner ohne Erwerbsarbeit nicht bestraft, sondern muessen beschaeftigt und fuer den Wiedereinstieg ins Berufsleben qualifiziert werden.
* Bei der naechsten IV-Revision setzt die SP alles daran, behinderten Menschen ein selbstbestimmtes und integratives Leben zu ermoeglichen. Dies im schulischen, privaten und oeffentlichen Bereich (Erwerbstaetigkeit).

Alle Schreckensszenarien ueber die laengerfristige Finanzierbarkeit der Sozialversicherungen verfolgen einen politischen Zweck: Sie sollen das Terrain fuer den Sozialabbau bereiten. Unser Szenario ist realistischer:
* Der reale Reichtum der Schweiz wird Jahr fuer Jahr ansteigen. Es gilt, ihn moeglichst gerecht zwischen Arbeit und Kapital, zwischen Frauen und Maennern, zwischen Alten und Jungen zu verteilen.
* Das Problem ist dabei nicht die Zahl der Rentnerinnen und Rentner,
sondern die Zahl der Arbeitslosen.

Das reichste Land der Welt kann in Zukunft ohne weiteres mit 25 Prozent Rentnerinnen und Rentnern leben. Deswegen muss die AHV nicht gekuerzt werden. Im Gegenteil: Wir muessen die AHV selber staerken und wenn schon bei der buerokratischen 2. Saeule abspecken. Die Schweizerinnen und Schweizer wissen, was sie im Rahmen der 10. AHV-Revision aendern wollen und was nicht:
* Die grosse Mehrheit will sowohl das Splitting wie die Gutschriften fuer Betreuung und Erziehung ebenso wie die neue Rentenformel.
* Die grosse Mehrheit will keine Erhoehung des Rentenalters. Gerade weil die Buergerlichen dies wissen, wollten sie das Volk nicht getrennt ueber diese beiden Fragen abstimmen lassen. Unabhaengig vom Ausgang des Referendums wird die Gewerkschaftsbewegung zusammen mit der SP diesen Volkswillen polttisch durchsetzen.
5 Alle reden vom Sparen. Wir sagen, wo und wie es geht, aber auch, wo wir nicht sparen wollen. Das ist der entscheidende Unterschied.

Die Schweiz hat im internationalen Vergleich eine tiefe Staatsquote. Die Schulden von Gemeinden, Kantonen und Bund stiegen in der Rezession an. Im jetzt beginnenden wirtschaftlichen Aufschwung, der absehbar fuenf bis sieben Jahre dauern wird, muessen diese Schulden abgebaut werden.
Es gibt Bereiche, in denen die oeffentliche Hand massiv sparen kann. Und es gibt andere Bereiche, in denen wir mehr in die Zukunft des Landes investieren muessen.

Als einzige Bundesratspartei sagen wir vor den Wahlen klar, wo wir sparen wollen und wo nicht:
* Die Kosten des EMD und des Zivilschutzes koennen halbiert werden. Eine Studie der SP zeigt auf: Auch nach Halbierung der Kosten des EMD haben wir bezogen auf die Raeche und die Bevoelkerungszahl weiterhin mit Abstand die staerkste Armee in West- und Mitteleuropa. Und dies, obwohl wir nur von befreundeten Staaten umgeben sind.
* Bund, Kantone und Gemeinden koennen Waren und Dienstleistungen guenstiger beziehen, wenn Kartelle verboten werden und der Wettbewerb zum Tragen kommt. Den luxurioesen Standard beim Strassenbau wollen wir nicht laenger finanzieren.
* In den letzten zehn Jahren wurden die grossen Einkommen und Vermoegen entlastet. Jetzt braucht es eine Korrektur: Die Gewinne der grossen Unternehmen sind mit einer Proportionalsteuer gerechter zu erfassen. Und eine sanfte Millionaers-Steuer muss fuer sozialen Ausgleich sorgen.
* Zusaetzlich braucht der Bund - nicht zuletzt, um die SBB sanieren und die NEAT finanzieren zu koennen -15 Rappen mehr auf dem Benzin. Wir wollen nicht die Privatisierung von Post und Bahn auf Kosten des Personals und der Randregionen, sondern in allen oeffentlichen Betrieben ein faehiges und flexibles oeffentliches Management.
* Bei einer zukunftsgerichteten Regionalpolitik darf nicht gespart werden. Die Arbeitslosigkeit in der Romandie und im Tessin ist doppelt so hoch wie in der deutschen Schweiz. Dazu kommt, dass die laufenden Sparmassnahmen vorab die Randregionen treffen. Uns droht eine Schweiz der zwei Geschwindigkeiten, welche die regionalen Ungleichgewichte noch mehr verschaerfen. Nur ein Staat, der gezielt spart, kann auch gezielt die wichtigen Zukunftsaufgaben an die Hand nehmen und die notwendigen politischen Prioritaeten schaffen.

Die Durchsetzung der Rechte der Frauen 7 gehoert ins Zentrum der Politik.

Die reale Gleichstellungspolitik hat versagt. Seit 1981 sind gleiche Rechte fuer Frauen und Maenner in der Bundesverfassung festgeschrieben. Doch real kommt die Gleichberechtigung nicht voran. Weder in der Politik, noch in Wirtschaft und Gesellschaft. Im Gegenteil. Die Benachteilung der Frauen hat in der Rezession eher noch zugenommen:
* Der reale Lohnrueckstand der Frauen betraegt im Durchschnitt 30 Prozent. Die Unternehmen sparen gesamthaft auf Kosten der Frauen pro Jahr 20 Milliarden Franken ein. Die Lohnunterschiede zwischen Maennern und Frauen sind in der Rezession groesser geworden. Die Erwerbslosigkeit nimmt zu. Wegen der anlaufenden Rationalisierungen im Dienstleistungsbereich sind Frauen davon staerker betroffen als Maenner.
* Viele Sparprogramme der oeffentlichen Hand haben zum Abbau sozialer Dienstleistungen fuer Frauen gefuehrt, von Einsparungen bei der Kinderkrippen bis zur Schliessung von Gleichstellungsbueros. Ausgerechnet auf dem Hintergrund dieser wirtschaftlich wenig erfreulichen Situation wollen die Buergerlichen gerade jetzt das Rentenalter der Frauen erhoehen.

Wer politische Veraenderungen will, muss Gegensteuer geben. Die einzige Bundesraetin gehoert der SP an. Keine Partei zaehlt mehr Nationalraetinnen und Kantonsraetinnen in ihren Reihen als die SP. Ueberall erringen Frauen der SP bei Wahlen in Gemeinden und Kantonen zusaetzliche Sitze.
Dieser Prozess muss weitergehen, bis Maenner und Frauen in unserer Partei und darueber hinaus in allen Bereichen der Politik gleich vertreten sind. Deshalb hat die SP auch fuer die eidgenoessischen Wahlen 1995 das Ziel, den Anteil der Frauen in der Fraktion von 30 auf 50 Prozent auszubauen.

Das allein reicht aber nicht. Denn entscheidend ist die politische Durchsetzung der zentralen Frauen-Forderungen:
* Die bezahlte und die unbezahlte Arbeit muss gleichmaessig auf beide Geschlechter verteilt werden.
* Die Schweiz braucht eine breite Frauenbildungsoffensive, wenn der Einsteig von immer mehr Frauen ins Erwerbsleben Tatsache werden soll.
* Der Schutz der Mutterschaft fuer erwerbstaetige und nichterwerbstaetige Frauen ist unverzueglich zu realisieren. Gleicher Lohn fuer gleichwertige Arbeit ist durchzusetzen. Das Gleichstellungsgesetz ist nur ein notwendiger weiterer Schritt in diese Richtung.
* Auf allen Ebenen der Wirtschaft und der Politik muessen Quoten den Frauen zum Durchbruch verhelfen.
Dies alles sind wichtige Schritte in Richtung einer Gesellschaft, welche die Rechte der Frauen verwirklicht.

",0.0,0.0,0.0,0.0,0.0,0.0,0.0,0.0,0.0,0.0,0.0,0.0,0.0,0.0,0.0,"['0100', '0301', '0304', '0407']",2.0,22.10.1995, / ,Deutsch,Past_PartyMan,"Die Schweiz ist das reichste Land der Welt. Wir geben aber im internationalen Vergleich wenig fuer den Sozialstaat aus. Deshalb sind Steuern und Lohnnebenkosten in der Schweiz tiefer als in vergleichbaren Laendern. Der Sozialstaat in den industrialisierten Laendern ist im wesentlichen eine soziale Errungenschaft der Gewerkschaften und der Sozialdemokratie. Die Menschen haben zurecht Anspruch auf guten Lohn und auf finanzielle Sicherheit, bei Krankheit, bei Arbeitslosigkeit, bei der Mutterschaft und im Alter. Das Netz der sozialen Sicherheit sorgt fuer sozialen Ausgleich und Solidaritaet und garantiert eine menschenwuerdige Existenz. Es muss deshalb zukunftsgerichtet um- und ausgebaut werden. Statt dessen will die politische Rechte in der Schweiz dieses Netz zerreissen. Vom sozialen Ausgleich sollen - wenn es nach dem Willen buergerlicher Kreise geht - nicht mehr die grosse Mehrheit der Lohnabhaengigen profitieren, sondern nur mehr jene, die auf Leistungen der Fuersorge angewiesen sind. Dies, um die grossen Einkommen und Vermoegen weiter zu entlasten. Die SP will - wie die Mehrheit der Schweizerinnen und Schweizer - keinen Abbau der sozialen Leistungen, sondern einen gezielten Ausbau:  Die 10. AHV-Revision muss ohne Erhoehung des Rentenalters fuer Frauen realisiert werden. Die AHV-Renten muessen - so wie es in der Verfassung steht - existenzsichernd werden.  Die Mutterschaftsversicherung muss fuer berufstaetige und nichtberufstaetige Muetter unverzueglich realisiert werden.  Die Kinderzulagen sind auf 500 Franken zu erhoehen und wer Pflegeleistungen erbringt, soll dafuer finanzielle Leistungen erhalten. Alle Sozialversicherungen muessen kuenftig den gewandelten Lebensverhaeltnissen der Menschen und vor allem den Frauen, die den groessten Teil der unbezahlten Arbeit leisten, Rechnung tragen.  Im Rahmen der Arbeitslosenversicherung duerfen die Frauen und Maenner ohne Erwerbsarbeit nicht bestraft, sondern muessen beschaeftigt und fuer den Wiedereinstieg ins Berufsleben qualifiziert werden.  Bei der naechsten IV-Revision setzt die SP alles daran, behinderten Menschen ein selbstbestimmtes und integratives Leben zu ermoeglichen. Dies im schulischen, privaten und oeffentlichen Bereich (Erwerbstaetigkeit). Alle Schreckensszenarien ueber die laengerfristige Finanzierbarkeit der Sozialversicherungen verfolgen einen politischen Zweck: Sie sollen das Terrain fuer den Sozialabbau bereiten. Unser Szenario ist realistischer:  Der reale Reichtum der Schweiz wird Jahr fuer Jahr ansteigen. Es gilt, ihn moeglichst gerecht zwischen Arbeit und Kapital, zwischen Frauen und Maennern, zwischen Alten und Jungen zu verteilen.  Das Problem ist dabei nicht die Zahl der Rentnerinnen und Rentner, sondern die Zahl der Arbeitslosen. Das reichste Land der Welt kann in Zukunft ohne weiteres mit 25 Prozent Rentnerinnen und Rentnern leben. Deswegen muss die AHV nicht gekuerzt werden. Im Gegenteil: Wir muessen die AHV selber staerken und wenn schon bei der buerokratischen 2. Saeule abspecken. Die Schweizerinnen und Schweizer wissen, was sie im Rahmen der 10. AHV-Revision aendern wollen und was nicht:  Die grosse Mehrheit will sowohl das Splitting wie die Gutschriften fuer Betreuung und Erziehung ebenso wie die neue Rentenformel.  Die grosse Mehrheit will keine Erhoehung des Rentenalters. Gerade weil die Buergerlichen dies wissen, wollten sie das Volk nicht getrennt ueber diese beiden Fragen abstimmen lassen. Unabhaengig vom Ausgang des Referendums wird die Gewerkschaftsbewegung zusammen mit der SP diesen Volkswillen polttisch durchsetzen. 5 Alle reden vom Sparen. Wir sagen, wo und wie es geht, aber auch, wo wir nicht sparen wollen. Das ist der entscheidende Unterschied. Die Schweiz hat im internationalen Vergleich eine tiefe Staatsquote. Die Schulden von Gemeinden, Kantonen und Bund stiegen in der Rezession an. Im jetzt beginnenden wirtschaftlichen Aufschwung, der absehbar fuenf bis sieben Jahre dauern wird, muessen diese Schulden abgebaut werden. Es gibt Bereiche, in denen die oeffentliche Hand massiv sparen kann. Und es gibt andere Bereiche, in denen wir mehr in die Zukunft des Landes investieren muessen. Als einzige Bundesratspartei sagen wir vor den Wahlen klar, wo wir sparen wollen und wo nicht:  Die Kosten des EMD und des Zivilschutzes koennen halbiert werden. Eine Studie der SP zeigt auf: Auch nach Halbierung der Kosten des EMD haben wir bezogen auf die Raeche und die Bevoelkerungszahl weiterhin mit Abstand die staerkste Armee in West- und Mitteleuropa. Und dies, obwohl wir nur von befreundeten Staaten umgeben sind.  Bund, Kantone und Gemeinden koennen Waren und Dienstleistungen guenstiger beziehen, wenn Kartelle verboten werden und der Wettbewerb zum Tragen kommt. Den luxurioesen Standard beim Strassenbau wollen wir nicht laenger finanzieren.  In den letzten zehn Jahren wurden die grossen Einkommen und Vermoegen entlastet. Jetzt braucht es eine Korrektur: Die Gewinne der grossen Unternehmen sind mit einer Proportionalsteuer gerechter zu erfassen. Und eine sanfte Millionaers-Steuer muss fuer sozialen Ausgleich sorgen.  Zusaetzlich braucht der Bund - nicht zuletzt, um die SBB sanieren und die NEAT finanzieren zu koennen -15 Rappen mehr auf dem Benzin. Wir wollen nicht die Privatisierung von Post und Bahn auf Kosten des Personals und der Randregionen, sondern in allen oeffentlichen Betrieben ein faehiges und flexibles oeffentliches Management.  Bei einer zukunftsgerichteten Regionalpolitik darf nicht gespart werden. Die Arbeitslosigkeit in der Romandie und im Tessin ist doppelt so hoch wie in der deutschen Schweiz. Dazu kommt, dass die laufenden Sparmassnahmen vorab die Randregionen treffen. Uns droht eine Schweiz der zwei Geschwindigkeiten, welche die regionalen Ungleichgewichte noch mehr verschaerfen. Nur ein Staat, der gezielt spart, kann auch gezielt die wichtigen Zukunftsaufgaben an die Hand nehmen und die notwendigen politischen Prioritaeten schaffen. Die Durchsetzung der Rechte der Frauen 7 gehoert ins Zentrum der Politik. Die reale Gleichstellungspolitik hat versagt. Seit 1981 sind gleiche Rechte fuer Frauen und Maenner in der Bundesverfassung festgeschrieben. Doch real kommt die Gleichberechtigung nicht voran. Weder in der Politik, noch in Wirtschaft und Gesellschaft. Im Gegenteil. Die Benachteilung der Frauen hat in der Rezession eher noch zugenommen:  Der reale Lohnrueckstand der Frauen betraegt im Durchschnitt 30 Prozent. Die Unternehmen sparen gesamthaft auf Kosten der Frauen pro Jahr 20 Milliarden Franken ein. Die Lohnunterschiede zwischen Maennern und Frauen sind in der Rezession groesser geworden. Die Erwerbslosigkeit nimmt zu. Wegen der anlaufenden Rationalisierungen im Dienstleistungsbereich sind Frauen davon staerker betroffen als Maenner.  Viele Sparprogramme der oeffentlichen Hand haben zum Abbau sozialer Dienstleistungen fuer Frauen gefuehrt, von Einsparungen bei der Kinderkrippen bis zur Schliessung von Gleichstellungsbueros. Ausgerechnet auf dem Hintergrund dieser wirtschaftlich wenig erfreulichen Situation wollen die Buergerlichen gerade jetzt das Rentenalter der Frauen erhoehen. Wer politische Veraenderungen will, muss Gegensteuer geben. Die einzige Bundesraetin gehoert der SP an. Keine Partei zaehlt mehr Nationalraetinnen und Kantonsraetinnen in ihren Reihen als die SP. Ueberall erringen Frauen der SP bei Wahlen in Gemeinden und Kantonen zusaetzliche Sitze. Dieser Prozess muss weitergehen, bis Maenner und Frauen in unserer Partei und darueber hinaus in allen Bereichen der Politik gleich vertreten sind. Deshalb hat die SP auch fuer die eidgenoessischen Wahlen 1995 das Ziel, den Anteil der Frauen in der Fraktion von 30 auf 50 Prozent auszubauen. Das allein reicht aber nicht. Denn entscheidend ist die politische Durchsetzung der zentralen Frauen-Forderungen:  Die bezahlte und die unbezahlte Arbeit muss gleichmaessig auf beide Geschlechter verteilt werden.  Die Schweiz braucht eine breite Frauenbildungsoffensive, wenn der Einsteig von immer mehr Frauen ins Erwerbsleben Tatsache werden soll.  Der Schutz der Mutterschaft fuer erwerbstaetige und nichterwerbstaetige Frauen ist unverzueglich zu realisieren. Gleicher Lohn fuer gleichwertige Arbeit ist durchzusetzen. Das Gleichstellungsgesetz ist nur ein notwendiger weiterer Schritt in diese Richtung.  Auf allen Ebenen der Wirtschaft und der Politik muessen Quoten den Frauen zum Durchbruch verhelfen. Dies alles sind wichtige Schritte in Richtung einer Gesellschaft, welche die Rechte der Frauen verwirklicht."
au_pr_el_13_111115.txt,"Text-ID: at_pr_el_13_111115.txt

Press Release from Party: Stronach

country      = at
partylabel   = teamstronach
partytype    = fraktion
date         = 09.08.13

Stronach/Lintl: ""Wirtschaftsstandort Wien stärken - EU-Durchschnitt ist zu wenig!""
----------------------------------------------------------------------------------

EU-Studie: ""Wien fällt in der Wettbewerbsfähigkeit weit
      zurück.""
Wien (OTS) - Alle drei Jahre veröffentlicht die EU ihren ""Regional
Competetitive Index"". Jessi Lintl, Obfrau des Team Stronach Wien,
sieht immensen Handlungsbedarf und tritt für eine sofortige
Einleitung dringend notwendiger Reformen ein. Die 150-Seiten-Studie
über die Wettbewerbsfähigkeit der EU-Länder und 262 EU-Regionen fällt
für Wien verheerend aus: Wien fällt von Rang 22 um 61 Plätze auf Rang
83 zurück.
Die größten Mängel finden sich bei der Schulbildung (Österreich auf
Rang 21 von 26). ""Wien bewegt sich als Wirtschaftsstandort im
Europäischen Vergleich höchstens nur noch im Mittelfeld - bei der
Bildung sogar im letzten Fünftel. Diese Position ist vergleichbar mit
Griechenland, Litauen oder Ungarn, noch vor Rumänien und Bulgarien
als Schlusslichter. Es lässt sich weiter aus der Studie eindeutig
erkennen, dass die Qualität der Bildung mit der Wettbewerbsfähigkeit
einhergeht. Wir müssen endlich mit den Sommerdebatten aufhören und
die Ärmel hochkrempeln, um nicht in die wirtschaftliche
Bedeutungslosigkeit abzurutschen"", erklärt Jessi Lintl für das Team
Stronach.
Niederösterreich zieht Wien noch weiter nach unten
Jessi Lintl bestätigt zwar, dass die Zusammenlegung der Studiendaten
der bisher getrennten Regionen Wien und Niederösterreich für Wien den
Absturz nochmal vergrößert habe - trotzdem sei das Ergebnis eine
Katastrophe. Der Wettbewerbs-Index sei nämlich aus drei Gruppen von
Bereichen gebildet, die für die Bevölkerung und Wirtschaft, und damit
für die Zukunft und den Wohlstand Wiens größte Bedeutung haben:
In der Basis-Gruppe befinden sich das Funktionieren der Verwaltung,
die volkswirtschaftliche Stabilität, die Infrastruktur, die
Gesundheit und die Qualität der Schulbildung. 
In der Effizienz-Gruppe sind es die drei Bereiche Universitäten &
Erwachsenenbildung, die Arbeitsmarktflexibilität und die Marktgröße.
In der Innovations-Gruppe sind es die drei Zukunfts-Faktoren
Technologie-Affinität, Unternehmens-Performance und Innovation.
Insgesamt zeigt dieser Wettbewerbs-Index die kurz- & langfristige
Wirtschaftskraft von Wien im Vergleich mit den konkurrierenden
Europa-Regionen. Und das lasse laut Lintl schon für die nähere
Zukunft schlimme Auswirkungen für Wien erwarten.
Bei den Regionen zeigt sich die Schwäche Wiens bei der Gesundheit
(Rang 156 von 262), Universitäten und Weiterbildung (Rang 118) und
Technologie-Affinität (Rang 115). Die Stärken Wiens sind befriedigend
bei der Unternehmens-Performance (Rang 42), der
Arbeitsmarkt-Flexibilität (Rang 43) und auch noch bei der Innovation
(Rang 55).


",0.0,0.0,0.0,0.0,0.0,0.0,0.0,0.0,0.0,0.0,0.0,0.0,0.0,0.0,0.0,['0600'],2.0,29.09.2013, / ,Deutsch,PressRelease,"EU-Studie: ""Wien fällt in der Wettbewerbsfähigkeit weit zurück."" Wien (OTS) - Alle drei Jahre veröffentlicht die EU ihren ""Regional Competetitive Index"". Jessi Lintl, Obfrau des Team Stronach Wien, sieht immensen Handlungsbedarf und tritt für eine sofortige Einleitung dringend notwendiger Reformen ein. Die 150-Seiten-Studie über die Wettbewerbsfähigkeit der EU-Länder und 262 EU-Regionen fällt für Wien verheerend aus: Wien fällt von Rang 22 um 61 Plätze auf Rang 83 zurück. Die größten Mängel finden sich bei der Schulbildung (Österreich auf Rang 21 von 26). ""Wien bewegt sich als Wirtschaftsstandort im Europäischen Vergleich höchstens nur noch im Mittelfeld - bei der Bildung sogar im letzten Fünftel. Diese Position ist vergleichbar mit Griechenland, Litauen oder Ungarn, noch vor Rumänien und Bulgarien als Schlusslichter. Es lässt sich weiter aus der Studie eindeutig erkennen, dass die Qualität der Bildung mit der Wettbewerbsfähigkeit einhergeht. Wir müssen endlich mit den Sommerdebatten aufhören und die Ärmel hochkrempeln, um nicht in die wirtschaftliche Bedeutungslosigkeit abzurutschen"", erklärt Jessi Lintl für das Team Stronach. Niederösterreich zieht Wien noch weiter nach unten Jessi Lintl bestätigt zwar, dass die Zusammenlegung der Studiendaten der bisher getrennten Regionen Wien und Niederösterreich für Wien den Absturz nochmal vergrößert habe - trotzdem sei das Ergebnis eine Katastrophe. Der Wettbewerbs-Index sei nämlich aus drei Gruppen von Bereichen gebildet, die für die Bevölkerung und Wirtschaft, und damit für die Zukunft und den Wohlstand Wiens größte Bedeutung haben: In der Basis-Gruppe befinden sich das Funktionieren der Verwaltung, die volkswirtschaftliche Stabilität, die Infrastruktur, die Gesundheit und die Qualität der Schulbildung. In der Effizienz-Gruppe sind es die drei Bereiche Universitäten & Erwachsenenbildung, die Arbeitsmarktflexibilität und die Marktgröße. In der Innovations-Gruppe sind es die drei Zukunfts-Faktoren Technologie-Affinität, Unternehmens-Performance und Innovation. Insgesamt zeigt dieser Wettbewerbs-Index die kurz- & langfristige Wirtschaftskraft von Wien im Vergleich mit den konkurrierenden Europa-Regionen. Und das lasse laut Lintl schon für die nähere Zukunft schlimme Auswirkungen für Wien erwarten. Bei den Regionen zeigt sich die Schwäche Wiens bei der Gesundheit (Rang 156 von 262), Universitäten und Weiterbildung (Rang 118) und Technologie-Affinität (Rang 115). Die Stärken Wiens sind befriedigend bei der Unternehmens-Performance (Rang 42), der Arbeitsmarkt-Flexibilität (Rang 43) und auch noch bei der Innovation (Rang 55)."
au_pm_el_13_20050.txt,"Text ID:
au_pm_el_13_20050.txt

Party Manifesto: Grüne (Austria) - National Elections 2013
-------------------------------------

Zusammenleben auf Augenhöhe  Einwanderung ist Realität 

Österreich ist ein Einwanderungsland. In der gesamten EU und in weiten Teilen der Welt sind Ein- und Auswanderung Normalität. Die Grünen stehen für proaktive Zuwanderungspolitik, die nicht nur an der Wirtschaft, sondern auch am Menschen orientiert ist. Menschen, deren Familienangehörige rechtmäßig hier leben, sollen ohne bürokratische Hindernisse oder Schikanen einwandern dürfen. Durch transparente, klare Einwanderungsverfahren im Rahmen der Arbeitsmigration wird es ZuwanderInnen ermöglicht, ihre Zukunft und ihr Leben in Österreich zu planen. Der größte Teil der Zuwanderung nach Österreich kommt aus der EU und kann daher nicht wirklich gesteuert werden. Für den verbleibenden Teil von weniger als 10 Prozent, der noch regelbar ist, haben die Grünen bereits 2006 ein Einwanderungsmodell für Arbeitsmigration ausgearbeitet. Es sieht ein klares Punktesystem mit Berücksichtigung verschiedener Eigenschaften und Fähigkeiten vor  wie Ausbildung, Berufserfahrung, Sprachkenntnisse und Verwandtschaft in Österreich. Das Prinzip dieses Grünen Modells  die Berücksichtigung von Berufsausbildung, Berufserfahrung und Sprachkenntnisse  hat die Bundesregierung vor zwei Jahren mit der rot-weiß-rot-Karte übernommen. Würde die rot-weiß-rot Karte nicht nur hohe  Qualifikationen sondern mehrere, unterschiedliche Fähigkeiten und Eigenschaften berücksichtigen, wäre das für alle Bereiche der österreichischen Gesellschaft ein Gewinn. Eine zweijährige Integrationsbegleitung vom ersten Tag an hilft zugewanderten Menschen zudem, sich rasch zu orientieren und am alltäglichen Leben teilnehmen zu können. 

Wir wollen unsere gemeinsame Zukunft proaktiv gestalten statt nur über Jahre der verpassten Maßnahmen für ein besseres Zusammenleben zu jammern. Es liegt an der Politik und uns allen, das Zusammenleben für alle gut zu gestalten. Dazu braucht es mehr Chancengleichheit und Begegnung auf Augenhöhe. Gleiche Rechte für gleiche Pflichten, Förderung der Mehrsprachigkeit sowie der Potenziale aller, die in Österreich leben, sind unabdingbar für ein gleichberechtigtes, gutes Zusammenleben. 

Was wir konkret wollen: 

> Integrationsprogramm ab dem ersten Tag Ein Integrationsprogramm für NeuzuwanderInnen vom ersten Tag an sowie Programme für länger in Österreich lebende MigrantInnen sorgen dafür, dass MigrantInnen sich im österreichischen Alltag gut zu Recht finden und teilhaben können. Zum Startprogramm gehört z. B. die Auseinandersetzung mit dem Alltag, etwa wie man in Österreich einen Arzt/eine Ärztin besucht, wie das Schulsystem ausschaut, wie man mitgebrachte Qualifikationen anerkennen lassen und ausbauen kann. Sprach-kurse sowie Programme, die MigrantInnen und Nicht-MigrantInnen zusammenbringen, tragen dazu bei, erworbene Sprachkenntnisse im Alltag zu festigen und das Zusammenwachsen zu fördern. 

> Verbessertes Angebot an Deutschkursen Leistbare und flächendeckende Deutschkurse mit Kinderbetreuung sowie Auffrischungskurse danach helfen, die erworbenen Sprachkenntnisse im Alltag zu festigen. Mehrsprachigkeit wird gefördert. 

> Mehr Kindergartenplätze und ein zweites verpflichtendes Kindergartenjahr Alle Kinder besuchen spätestens ab vier Jahren den Kindergarten. Damit werden Kinder unabhängig von ihrer Muttersprache früh gefördert, gemeinsam sozialisiert und lernen von klein auf das Zusammenleben (siehe auch Kapitel Bildung). 

> Wer rechtmäßig in Österreich lebt, soll auch arbeiten dürfen Es gibt nur mehr ein Gesetz, das Aufenthalt und Arbeit in einem regelt. Es erlaubt grundsätzlich allen, die rechtmäßig hier leben auch zu arbeiten. Mitgebrachte Kenntnisse und berufliche Qualifikationen von ZuwanderInnen werden rascher anerkannt. Sonderregelungen für Saisonarbeit sind integrationsfeindlich und werden abgeschafft. 

> Stärkung der Mädchen und Frauen für ein selbstbestimmtes Leben Die gesellschaftliche Ächtung von Gewalt gegen Frauen wird durch Empowerment, Mädchenprojekte und Förderung von Frauenberatungsstellen vorangetrieben. Nachgezogene Familienmitglieder/Ehefrauen  bekommen endlich ein wirklich eigenständiges Aufenthaltsrecht unabhängig vom Ehepartner, um ein selbstbestimmtes Leben führen zu können. 

> Familiennachzug ermöglichen Familienleben ist ein Menschenrecht und soll daher nicht länger von Quoten, Schikanen oder willkürlichen Einkommensgrenzen abhängen. Familien sollen das Recht haben, ohne lange Wartezeit und jahrelange Verfahren zusammenzuleben. 

> Ein faires Bleiberecht Ein faires Bleiberecht verhindert, dass funktionierende Gesellschaften gespalten werden. LangzeitasylwerberInnen, die seit über fünf Jahren in Österreich leben, hier Wurzeln geschlagen haben und noch kein Aufenthaltsrecht haben, erhalten einen Rechtsanspruch auf Bleiberecht. 

> Staatsbürgerschaftsrecht modernisieren Wer hier geboren wurde und hier rechtmäßig lebende, niedergelassene Eltern hat, erhält die Staatsbürgerschaft. Die Einbürgerung der hier aufgewachsenen zweiten Generation wird erleichtert. Die im europäischen Vergleich extrem lange Einbürgerungsfrist wird auf fünf Jahre verkürzt, Doppelstaatsbürgerschaften werden, wie auch in anderen Ländern, zur Normalität. 

",0.0,0.0,0.0,0.0,0.0,0.0,0.0,0.0,0.0,0.0,0.0,0.0,0.0,0.0,0.0,['0700'],2.0,29.09.2013, / ,Deutsch,PartyMan,"Zusammenleben auf Augenhöhe  Einwanderung ist Realität Österreich ist ein Einwanderungsland. In der gesamten EU und in weiten Teilen der Welt sind Ein- und Auswanderung Normalität. Die Grünen stehen für proaktive Zuwanderungspolitik, die nicht nur an der Wirtschaft, sondern auch am Menschen orientiert ist. Menschen, deren Familienangehörige rechtmäßig hier leben, sollen ohne bürokratische Hindernisse oder Schikanen einwandern dürfen. Durch transparente, klare Einwanderungsverfahren im Rahmen der Arbeitsmigration wird es ZuwanderInnen ermöglicht, ihre Zukunft und ihr Leben in Österreich zu planen. Der größte Teil der Zuwanderung nach Österreich kommt aus der EU und kann daher nicht wirklich gesteuert werden. Für den verbleibenden Teil von weniger als 10 Prozent, der noch regelbar ist, haben die Grünen bereits 2006 ein Einwanderungsmodell für Arbeitsmigration ausgearbeitet. Es sieht ein klares Punktesystem mit Berücksichtigung verschiedener Eigenschaften und Fähigkeiten vor  wie Ausbildung, Berufserfahrung, Sprachkenntnisse und Verwandtschaft in Österreich. Das Prinzip dieses Grünen Modells  die Berücksichtigung von Berufsausbildung, Berufserfahrung und Sprachkenntnisse  hat die Bundesregierung vor zwei Jahren mit der rot-weiß-rot-Karte übernommen. Würde die rot-weiß-rot Karte nicht nur hohe Qualifikationen sondern mehrere, unterschiedliche Fähigkeiten und Eigenschaften berücksichtigen, wäre das für alle Bereiche der österreichischen Gesellschaft ein Gewinn. Eine zweijährige Integrationsbegleitung vom ersten Tag an hilft zugewanderten Menschen zudem, sich rasch zu orientieren und am alltäglichen Leben teilnehmen zu können. Wir wollen unsere gemeinsame Zukunft proaktiv gestalten statt nur über Jahre der verpassten Maßnahmen für ein besseres Zusammenleben zu jammern. Es liegt an der Politik und uns allen, das Zusammenleben für alle gut zu gestalten. Dazu braucht es mehr Chancengleichheit und Begegnung auf Augenhöhe. Gleiche Rechte für gleiche Pflichten, Förderung der Mehrsprachigkeit sowie der Potenziale aller, die in Österreich leben, sind unabdingbar für ein gleichberechtigtes, gutes Zusammenleben. Was wir konkret wollen: > Integrationsprogramm ab dem ersten Tag Ein Integrationsprogramm für NeuzuwanderInnen vom ersten Tag an sowie Programme für länger in Österreich lebende MigrantInnen sorgen dafür, dass MigrantInnen sich im österreichischen Alltag gut zu Recht finden und teilhaben können. Zum Startprogramm gehört z. B. die Auseinandersetzung mit dem Alltag, etwa wie man in Österreich einen Arzt/eine Ärztin besucht, wie das Schulsystem ausschaut, wie man mitgebrachte Qualifikationen anerkennen lassen und ausbauen kann. Sprach-kurse sowie Programme, die MigrantInnen und Nicht-MigrantInnen zusammenbringen, tragen dazu bei, erworbene Sprachkenntnisse im Alltag zu festigen und das Zusammenwachsen zu fördern. > Verbessertes Angebot an Deutschkursen Leistbare und flächendeckende Deutschkurse mit Kinderbetreuung sowie Auffrischungskurse danach helfen, die erworbenen Sprachkenntnisse im Alltag zu festigen. Mehrsprachigkeit wird gefördert. > Mehr Kindergartenplätze und ein zweites verpflichtendes Kindergartenjahr Alle Kinder besuchen spätestens ab vier Jahren den Kindergarten. Damit werden Kinder unabhängig von ihrer Muttersprache früh gefördert, gemeinsam sozialisiert und lernen von klein auf das Zusammenleben (siehe auch Kapitel Bildung). > Wer rechtmäßig in Österreich lebt, soll auch arbeiten dürfen Es gibt nur mehr ein Gesetz, das Aufenthalt und Arbeit in einem regelt. Es erlaubt grundsätzlich allen, die rechtmäßig hier leben auch zu arbeiten. Mitgebrachte Kenntnisse und berufliche Qualifikationen von ZuwanderInnen werden rascher anerkannt. Sonderregelungen für Saisonarbeit sind integrationsfeindlich und werden abgeschafft. > Stärkung der Mädchen und Frauen für ein selbstbestimmtes Leben Die gesellschaftliche Ächtung von Gewalt gegen Frauen wird durch Empowerment, Mädchenprojekte und Förderung von Frauenberatungsstellen vorangetrieben. Nachgezogene Familienmitglieder/Ehefrauen bekommen endlich ein wirklich eigenständiges Aufenthaltsrecht unabhängig vom Ehepartner, um ein selbstbestimmtes Leben führen zu können. > Familiennachzug ermöglichen Familienleben ist ein Menschenrecht und soll daher nicht länger von Quoten, Schikanen oder willkürlichen Einkommensgrenzen abhängen. Familien sollen das Recht haben, ohne lange Wartezeit und jahrelange Verfahren zusammenzuleben. > Ein faires Bleiberecht Ein faires Bleiberecht verhindert, dass funktionierende Gesellschaften gespalten werden. LangzeitasylwerberInnen, die seit über fünf Jahren in Österreich leben, hier Wurzeln geschlagen haben und noch kein Aufenthaltsrecht haben, erhalten einen Rechtsanspruch auf Bleiberecht. > Staatsbürgerschaftsrecht modernisieren Wer hier geboren wurde und hier rechtmäßig lebende, niedergelassene Eltern hat, erhält die Staatsbürgerschaft. Die Einbürgerung der hier aufgewachsenen zweiten Generation wird erleichtert. Die im europäischen Vergleich extrem lange Einbürgerungsfrist wird auf fünf Jahre verkürzt, Doppelstaatsbürgerschaften werden, wie auch in anderen Ländern, zur Normalität."
au_pr_el_13_050219.txt,"Text-ID: at_pr_el_13_050219.txt

Press Release from Party: FPÖ

country      = at
partylabel   = fpö
partytype    = partei
date         = 27.08.13

FPÖ-Neubauer: SPÖ und ÖVP tragen unwürdigen Wahlkampf auf dem Rücken der Pensionisten aus!
------------------------------------------------------------------------------------------

Wer FPÖ wählt, setzt ein Zeichen für ein leistbares Altern in
      Würde statt in Armut
Wien (OTS) - ""Die aktuelle mediale Schlammschlacht zwischen SPÖ und
ÖVP mitsamt ihren gegenseitigen Vorwürfen und Schuldzuweisungen
entgleitet in die Würdelosigkeit und hilft den Pensionisten keinen
Millimeter weiter. In Wahrheit hat diese Bundesregierung in den
letzten fünf Jahren vielmehr in trauter Einigkeit alles unternommen,
um diejenigen, die diese Republik aufgebaut, die tüchtig und fleißig
gearbeitet, ihre Beiträge eingezahlt haben, ordentlich zu schröpfen
und ihnen damit ein leistbares Altern in Würde zu versagen"", stellte
heute der freiheitliche Seniorensprecher NAbg. Werner Neubauer fest. 
Die Frage, wer die Pensionisten in den letzten fünf Jahren mehr oder
weniger belastet hat, ist auch schnell beantwortet. Wir müssen dazu
nur die Beschlüsse der Pensionsanpassungen der Jahre 2008 bis 2013
als Beispiel anführen, die jeweils von SPÖ, ÖVP und Grünen
beschlossen wurden, denen aber die FPÖ die Zustimmung verweigerte,
weil die beschlossenen Anpassungen aufgrund rasanter
Preissteigerungen nicht für ein menschenwürdiges Altern ausreichten.
In weiterer Folge forderte FPÖ-Seniorensprecher  NAbg. WernerNeubauer  eine Pensionsanpassung nach dem Preisindex für
Pensionistenhaushalte, der sich an dem Konsumverhalten von Senioren
orientiert und dementsprechend höher als der Verbraucherpreisindex
ausfällt. Auch dieser Antrag wurde von SPÖVP abgelehnt.
Alle parlamentarischen Entscheidungen zu Lasten der Pensionisten
fällten die Regierungsparteien gemeinsam. Die heutigen gegenseitigen
Anschuldigungen sind daher lächerlich.
So auch das im Vorjahr großangelegte Belastungspaket mit sieben
Milliarden Euro Einsparungen, die von den Pensionisten aufzubringen
waren. Das traurige Ergebnis davon war, dass 2013 die Pensionen um
einen Prozentpunkt unter der Teuerungsrate angepasst wurden und 2014
nochmals um 0,8 Prozentpunkte unter der Inflation liegen.
Die aktuelle mediale Schaumschlägerei soll nun wohl davon ablenken,
dass SPÖ und ÖVP alle diese Gemeinheiten gemeinsam beschlossen haben.
Und auch der Seniorenrat, vertreten durch Dr. Andreas Khol und Karl
Blecha, hat alle diese Grauslichkeiten ohne Widerstand zur Kenntnis
genommen"", so Neubauer.
Genauso  unglaubwürdig ist der Versuch der ÖVP in der Debatte um das
Frauenpensionsantrittsalter nun zurück zu rudern. Bereits im Februar
2012 hatte Seniorenratspräsident Dr. Andreas Khol, auch Obmann des
ÖVP-Seniorenbundes, darauf gedrängt, ungerechtfertigte
""Frauen-Privilegien"" abzuschaffen, ja sogar von Diskriminierung der
Männer gesprochen. Auch Staatssekretär Sebastian Kurz (ÖVP) kündigte
an, nach der Nationalratswahl, dieses Thema aufs Tapet zu bringen.
Wirtschaftskammerpräsident Christoph Leitl (ÖVP) bezeichnete es gar
als unsozial, die vorzeitige Angleichung des Frauenpensionsalters zu
verhindern.  
Besonders interessantes Detail am Rande ist, dass sich in die
aktuelle Debatte nun selbst ein sogenannter ""Wahlkampf-Manager des
Österreichischen Seniorenbundes"" in Person des Herrn MEP Heinz K.
Becker einbringen muss. ""Nachdem der Österreichische Seniorenbund
aber bekanntlich keine wahlwerbende Partei ist, wird der
""Wahlkampf-Manager"" vermutlich vordergründig damit beschäftigt sein,
die Unsinnigkeiten, die seine Parteikollegen von sich geben, zu
relativieren und die verunsicherten Pensionisten und
pensionsanspruchsberechtigte Frauen mit politischen Phrasen zu
beschwichtigen versuchen"", sagte Neubauer.
""Daher ist nur eine Stimme für die FPÖ und für Heinz-ChristianStrache eine Stimme für soziale Gerechtigkeit in diesem Land und für
gesicherte und gerechte Pensionen. Mein Ziel und das der FPÖ ist es,
dieser Generation jenen Stellenwert zukommen zu lassen, den sie
verdient. Pensionisten dürfen in Österreich einerseits nicht zu
Bittstellern degradiert werden, das haben sich die Menschen nicht
verdient, andererseits ist es verantwortungslos, sie zum Spielball
völlig außer Rand und Band gekommener Parteienvertreter von SPÖVP zu
machen"", so Neubauer abschließend.


",1.0,0.0,1.0,0.0,0.0,1.0,0.0,0.0,0.0,0.0,0.0,0.0,1.0,1.0,0.0,['0102'],2.0,29.09.2013, / ,Deutsch,PressRelease,"Wer FPÖ wählt, setzt ein Zeichen für ein leistbares Altern in Würde statt in Armut Wien (OTS) - ""Die aktuelle mediale Schlammschlacht zwischen SPÖ und ÖVP mitsamt ihren gegenseitigen Vorwürfen und Schuldzuweisungen entgleitet in die Würdelosigkeit und hilft den Pensionisten keinen Millimeter weiter. In Wahrheit hat diese Bundesregierung in den letzten fünf Jahren vielmehr in trauter Einigkeit alles unternommen, um diejenigen, die diese Republik aufgebaut, die tüchtig und fleißig gearbeitet, ihre Beiträge eingezahlt haben, ordentlich zu schröpfen und ihnen damit ein leistbares Altern in Würde zu versagen"", stellte heute der freiheitliche Seniorensprecher NAbg. Werner Neubauer fest. Die Frage, wer die Pensionisten in den letzten fünf Jahren mehr oder weniger belastet hat, ist auch schnell beantwortet. Wir müssen dazu nur die Beschlüsse der Pensionsanpassungen der Jahre 2008 bis 2013 als Beispiel anführen, die jeweils von SPÖ, ÖVP und Grünen beschlossen wurden, denen aber die FPÖ die Zustimmung verweigerte, weil die beschlossenen Anpassungen aufgrund rasanter Preissteigerungen nicht für ein menschenwürdiges Altern ausreichten. In weiterer Folge forderte FPÖ-Seniorensprecher NAbg. WernerNeubauer eine Pensionsanpassung nach dem Preisindex für Pensionistenhaushalte, der sich an dem Konsumverhalten von Senioren orientiert und dementsprechend höher als der Verbraucherpreisindex ausfällt. Auch dieser Antrag wurde von SPÖVP abgelehnt. Alle parlamentarischen Entscheidungen zu Lasten der Pensionisten fällten die Regierungsparteien gemeinsam. Die heutigen gegenseitigen Anschuldigungen sind daher lächerlich. So auch das im Vorjahr großangelegte Belastungspaket mit sieben Milliarden Euro Einsparungen, die von den Pensionisten aufzubringen waren. Das traurige Ergebnis davon war, dass 2013 die Pensionen um einen Prozentpunkt unter der Teuerungsrate angepasst wurden und 2014 nochmals um 0,8 Prozentpunkte unter der Inflation liegen. Die aktuelle mediale Schaumschlägerei soll nun wohl davon ablenken, dass SPÖ und ÖVP alle diese Gemeinheiten gemeinsam beschlossen haben. Und auch der Seniorenrat, vertreten durch Dr. Andreas Khol und Karl Blecha, hat alle diese Grauslichkeiten ohne Widerstand zur Kenntnis genommen"", so Neubauer. Genauso unglaubwürdig ist der Versuch der ÖVP in der Debatte um das Frauenpensionsantrittsalter nun zurück zu rudern. Bereits im Februar 2012 hatte Seniorenratspräsident Dr. Andreas Khol, auch Obmann des ÖVP-Seniorenbundes, darauf gedrängt, ungerechtfertigte ""Frauen-Privilegien"" abzuschaffen, ja sogar von Diskriminierung der Männer gesprochen. Auch Staatssekretär Sebastian Kurz (ÖVP) kündigte an, nach der Nationalratswahl, dieses Thema aufs Tapet zu bringen. Wirtschaftskammerpräsident Christoph Leitl (ÖVP) bezeichnete es gar als unsozial, die vorzeitige Angleichung des Frauenpensionsalters zu verhindern. Besonders interessantes Detail am Rande ist, dass sich in die aktuelle Debatte nun selbst ein sogenannter ""Wahlkampf-Manager des Österreichischen Seniorenbundes"" in Person des Herrn MEP Heinz K. Becker einbringen muss. ""Nachdem der Österreichische Seniorenbund aber bekanntlich keine wahlwerbende Partei ist, wird der ""Wahlkampf-Manager"" vermutlich vordergründig damit beschäftigt sein, die Unsinnigkeiten, die seine Parteikollegen von sich geben, zu relativieren und die verunsicherten Pensionisten und pensionsanspruchsberechtigte Frauen mit politischen Phrasen zu beschwichtigen versuchen"", sagte Neubauer. ""Daher ist nur eine Stimme für die FPÖ und für Heinz-ChristianStrache eine Stimme für soziale Gerechtigkeit in diesem Land und für gesicherte und gerechte Pensionen. Mein Ziel und das der FPÖ ist es, dieser Generation jenen Stellenwert zukommen zu lassen, den sie verdient. Pensionisten dürfen in Österreich einerseits nicht zu Bittstellern degradiert werden, das haben sich die Menschen nicht verdient, andererseits ist es verantwortungslos, sie zum Spielball völlig außer Rand und Band gekommener Parteienvertreter von SPÖVP zu machen"", so Neubauer abschließend."
au_pr_el_13_010410.txt,"Text-ID: at_pr_el_13_010410.txt

Press Release from Party: SPÖ

country      = at
partylabel   = spö
partytype    = all
date         = 17.08.13

Hundstorfer fordert in der Arbeitszeitdebatte Klarheit von der ÖVP
------------------------------------------------------------------

Haben gut funktionierendes Arbeitszeitgesetz - Keine
      Lohnkürzungen durch die Hintertür
Wien (OTS/SK) - Sozialminister Rudolf Hundstorfer fordert Klarheit
von ÖVP-Chef Spindelegger in der Arbeitszeitdebatte. Nachdem die ÖVP
zuerst eine Ausweitung auf einen 12-Stunden-Arbeitstag propagiert
habe, zeige sich nun auch die ÖVP-Innenministerin im Ö1-Morgenjournal
nicht begeistert von diesem Vorschlag, der rein auf Kosten der
Arbeitnehmerinnen und Arbeitnehmer geht, so Hundstorfer am Samstag.
""Der Zick-Zack-Kurs innerhalb der ÖVP muss beendet werden"", betont
Hundstorfer. ****
Der Sozialminister verwies auf das derzeit geltende
Arbeitszeitgesetz, das bereits jetzt flexibel sei. Das Gesetz bietet
viele Möglichkeiten, die Arbeitszeit zu gestalten, sowohl auf
Kollektivvertragsebene als auch auf der Ebene der
Betriebsvereinbarungen - aber, so Hundstorfer: ""Zu fairen Bedingungen
und mit fairer Bezahlung"". Ein 12-Stunden-Arbeitstag führe zu weniger
Einkommen, mehr gesundheitlichen Beschwerden, mehr Krankheit und
letztendlich zu mehr Invaliditätspensionen. Mehr als 300.000
Beschäftigte leiden schon heute aufgrund von langer Arbeitszeit an
gesundheitlichen Problemen. Zudem würde das soziale Leben und das
Familienleben erschwert und die Vereinbarkeit von Beruf und Familie
in Frage gestellt.
""Die ÖVP agiert immer mehr als reine Bankenpartei, die Interessen der
Arbeitnehmerinnen und Arbeitnehmer sind ihr anscheinend egal"",
schloss Hundstorfer. (Schluss) bj 


",0.0,0.0,0.0,0.0,0.0,0.0,0.0,0.0,0.0,0.0,0.0,0.0,0.0,0.0,0.0,"['0202', '0203']",2.0,29.09.2013, / ,Deutsch,PressRelease,"Haben gut funktionierendes Arbeitszeitgesetz - Keine Lohnkürzungen durch die Hintertür Wien (OTS/SK) - Sozialminister Rudolf Hundstorfer fordert Klarheit von ÖVP-Chef Spindelegger in der Arbeitszeitdebatte. Nachdem die ÖVP zuerst eine Ausweitung auf einen 12-Stunden-Arbeitstag propagiert habe, zeige sich nun auch die ÖVP-Innenministerin im Ö1-Morgenjournal nicht begeistert von diesem Vorschlag, der rein auf Kosten der Arbeitnehmerinnen und Arbeitnehmer geht, so Hundstorfer am Samstag. ""Der Zick-Zack-Kurs innerhalb der ÖVP muss beendet werden"", betont Hundstorfer.  Der Sozialminister verwies auf das derzeit geltende Arbeitszeitgesetz, das bereits jetzt flexibel sei. Das Gesetz bietet viele Möglichkeiten, die Arbeitszeit zu gestalten, sowohl auf Kollektivvertragsebene als auch auf der Ebene der Betriebsvereinbarungen - aber, so Hundstorfer: ""Zu fairen Bedingungen und mit fairer Bezahlung"". Ein 12-Stunden-Arbeitstag führe zu weniger Einkommen, mehr gesundheitlichen Beschwerden, mehr Krankheit und letztendlich zu mehr Invaliditätspensionen. Mehr als 300.000 Beschäftigte leiden schon heute aufgrund von langer Arbeitszeit an gesundheitlichen Problemen. Zudem würde das soziale Leben und das Familienleben erschwert und die Vereinbarkeit von Beruf und Familie in Frage gestellt. ""Die ÖVP agiert immer mehr als reine Bankenpartei, die Interessen der Arbeitnehmerinnen und Arbeitnehmer sind ihr anscheinend egal"", schloss Hundstorfer. (Schluss) bj"
cd_pm_el_11_40004.txt,"Text ID:
cd_pm_el_11_40004.txt

Party Manifesto: Grüne (Switzerland) - National Elections 2011
-------------------------------------

3. Bildung, Gesundheit und Soziales 

Damit in der Schweiz alle würdig und selbstbestimmt leben und an der Gesellschaft teilhaben können, braucht es gleiche Chancen für alle, unabhängig von Herkunft, Geschlecht, Alter, Religion oder Lebensform. Trotz vielen gleichstellungspolitischen Erfolgen sind Frauen in vielen Belangen immer noch benachteiligt. Ausländerinnen und Ausländer werden mit immer härteren, diskriminierenden Gesetzen ausgegrenzt, und Menschen mit Behinderungen drohen ständig Kürzungen bei der Invalidenversicherung. Um gleiche Chancen für alle zu gewährleisten, braucht es starke Sozialversicherungen und genügend Mittel für Bildung und das Gesundheitswesen. 

3.1 Bildung und Forschung 

Die Grünen stehen ein für ein ganzheitliches, vielfältiges, integratives Schulsystem. Die Schule soll nicht nur kognitive Fähigkeiten vermitteln, sondern auch soziale und kreative Kompetenzen fördern, und zwar in einem Rahmen, der den Respekt der Menschenrechte fördert. Der duale Bildungsweg mit Betriebs-Lehrstellen inklusive Berufsmaturität und Zugang zu Fachhochschulen hat sich bewährt. Davon zeugt die im Vergleich zu anderen Ländern deutlich geringere Jugendarbeitslosigkeit in der Schweiz. Gerade deshalb sollen alle Jugendlichen, auch Sans-Papiers, eine Lehre absolvieren dürfen, um anschliessend in die Berufswelt einsteigen zu können. Zugang zu Bildung muss unabhängig sein von den sozio-ökonomischen Verhältnissen. Kinder mit Migrationshintergrund, aus bildungsfernem Milieu oder Kinder mit einem suchtoder psychisch kranken Elternteil stehen bei ihrem Eintritt in die Schule oft mit schlechten Chancen da. Es gilt, die Lebensbedingungen und damit auch die Zukunftschancen für diese Kinder zu verbessern, beispielsweise durch Frühförderung vor der Kindergartenstufe, schulergänzende Betreuungsangebote oder Mentoring. Mit guter schulischer Bildung kann das Risiko der sozialen Vererbung der Armut deutlich verkleinert werden. Ein breites Angebot an erschwinglichen und leicht zugänglichen stellt lebenslanges Lernen sicher. Echte Bildung braucht Zeit und Freiräume. Die Grünen stehen dem Bologna-Modell kritisch gegenüber. Seine Umsetzung darf nicht zu einer Ökonomisierung, Technokratisierung und Hierarchisierung der Hochschulbildung führen. Ausserdem braucht es eine starke, unabhängige Forschung an Hochschulen und Fachhochschulen mit Priorität in der Erforschung nachhaltiger Lebens- und Wirtschaftsweisen, insbesondere Ressourcen schonende Technologien und Gesellschaftsmodelle. 

Für die kommende Legislatur fordern die Grünen: 

 Die Förderung der Chancengleichheit im Bildungswesen und auf dem Arbeitsmarkt. Die Grünen fordern zu diesem Zweck ein Stipendiensystem, das allen BürgerInnen prinzipiell eine Ausbildung ermöglicht.  Den Schuleinstieg mit einer Basisstufe, einem Eintrittsalter von vier bis fünf Jahren und einer Dauer von durchschnittlich vier Jahren, sowie flexible Übertritte in integrative Oberstufen.  Die aktive Suche nach Wegen, um Schulmisserfolg, Analphabetismus und Illettrismus zu bekämpfen.  Mehr personelle Ressourcen für die Schule.  Ein Schulsystem ohne Selektion vor Ende der obligatorischen Schulzeit.  Ausbildungsplätze für alle Jugendlichen, auch für Sans-Papiers.  Anreizmassnahmen für Unternehmen, welche Lehrstellen anbieten.  Ein Recht auf Weiterbildung für alle. Dafür sollen allen mindestens fünf bezahlte Tage pro Jahr zustehen.  Eine Bildungspolitik, welche die Stärkung des Respekts der Menschenrechte und der grundlegenden Freiheiten zum Ziel hat.  Die Integration der Nachhaltigkeit in alle Kursprogramme der Berufs- und Weiterbildung.  Die Aufstockung der Mittel für Bildung, Forschung und Innovation um zehn Prozent jährlich, und damit verbunden eine Neuausrichtung der Forschungsprioritäten in Richtung nachhaltige Entwicklung, insbesondere durch die Stärkung entsprechender Lehrstühle sowie Forschungsprogramme und schwerpunkte an den Hochschulen.  Für alle neuen Technologien ist das Vorsorgeprinzip strikte anzuwenden. Es sind Richtlinien für Technologiefolgeabschätzungen zu definieren. Insbesondere braucht es so rasch als möglich gesetzliche Regelungen für die Nanotechnologie analog der Gentechnologie über die Begriffsdefinition, den Anwendungsbereich, die Haftungsfrage und die Deklarationsverpflichtung.  Eine unabhängige Forschung über die Einflüsse neuer Technologien auf die Gesundheit.  Den vollständigen Verzicht auf die Erforschung nicht-nachhaltiger Technologien, zum Beispiel Nuklearforschung. 

3.2 Migration 

Weil die ausländischen Arbeitskräfte notwendig sind für die wirtschaftliche Entwicklung, ist die Schweiz seit Jahrzehnten ein Einwanderungsland. Während der Anteil der ausländischen Wohnbevölkerung nur 22 Prozent beträgt, stellt sie 28 Prozent der Werktätigen und trägt so wesentlich zum Wohlstand des Landes bei. Die Menschen, die ihre Heimat aus politischen oder wirtschaftlichen Gründen verlassen mussten (Flüchtlinge und Sans-Papiers), machen weniger als drei Prozent der Gesamtbevölkerung aus, leben hier oft unter sehr prekären Bedingungen und sind auf unsere Hilfe angewiesen. Nur eine offene Migrationspolitik, gekoppelt an eine Integrationspolitik, die den sozialen Zusammenhalt zwischen allen EinwohnerInnen stärkt, ist eine menschliche Politik. 

Für die kommende Legislatur fordern die Grünen: 

 Ein Integrationsgesetz, das die Chancengleichheit und den Respekt der kulturellen Vielfalt zum Ziel hat. Das Gesetz definiert, was erlaubt ist und was nicht; der Rest ist Sache der individuellen Freiheit.  Ein liberaleres Bundesgesetz über die Ausländerinnen und Ausländer, das keinen Unterschied zwischen EU-BürgerInnen und Nicht-EU-BürgerInnen macht.  Um die Situation der Sans-Papiers zu regeln, müssen alle Personen, die in der Schweiz zu korrekten und branchenüblichen Bedingungen arbeiten, eine Arbeitserlaubnis erhalten, ebenso ihre Familien. Das Heiratsverbot für Sans-Papiers soll aufgehoben werden.  Die vereinfachte Einbürgerung: AusländerInnen der zweiten Generation müssen möglichst rasch erleichtert eingebürgert werden können, AusländerInnen der dritten Generation erhalten mit der Volljährigkeit das Schweizer Bürgerrecht.  Das Einbürgerungsverfahren muss auf nationaler Ebene standardisiert werden, um zu grosse Unterschiede zwischen den Kantonen zu vermeiden. Die Wartefrist ist von zwölf auf acht Jahre zu reduzieren, wie dies in den meisten europäischen Ländern üblich ist.  Eine effiziente und gerechte Asylpolitik. Ist eine Rückführung nicht möglich, ist eine rasche Integration vorzuziehen. Neue Asylgründe wie die sexuelle Orientierung und der Klimawandel müssen stärker berücksichtigt werden. Die Schweiz soll Anfragen des UNHCR in Bezug auf Flüchtlingskontingente prüfen.  Eine einheitliche und kohärente Regelung der Finanzierung von interkulturellen ÜbersetzerInnen, welche das Verständnis zwischen ausländischen Personen sowie Fachkräften aus dem Gesundheitswesen, dem Sozialwesen und der Bildung fördern sollen.  Der Bund unterstützt Non-Profit-Organisationen und Vereine, die sich mit Migrationsfragen beschäftigen. 

3.3 Gefälle zwischen Reich und Arm überwinden 

Das Gefälle zwischen Reich und Arm nimmt zu. Manager bezahlen sich Fantasiegehälter, während laut einer Caritas-Studie bis zu 900000 Menschen in der Schweiz Hilfe vom Sozialstaat beanspruchen müssen. Die Leistungen der Sozialversicherungen werden immer nötiger, derweil von der bürgerlichen Mehrheit ihr Abbau vorangetrieben wird. Die Grünen stehen ein für gesicherte Sozialwerke und soziale Sicherheit für alle. Eine Alternative zu Sozialhilfeleistungen ist ein generelles Grundeinkommen. Dieser zukunftstaugliche Gesellschaftsvertrag verringert Armut und Existenzängste massiv. Ökonomische Souveränität öffnet den Menschen Freiräume, um die Gesellschaft und das Arbeitsleben mitzugestalten sowie für eine Demokratie wichtige ehrenamtliche und solidarische Aufgaben zu erfüllen. Für den Zusammenhalt der Gesellschaft und den sozialen Ausgleich ist ein starker Service Public entscheidend, garantiert er doch, dass grundlegende Dienstleistungen allen Bevölkerungsgruppen unabhängig von ihrer Finanzkraft zugänglich sind. Den Bestrebungen, öffentliche Dienstleistungen auszudünnen, beispielsweise bei der Post oder den SBB, treten die Grünen daher entschieden entgegen. Auslagerungen und Privatisierungen öffentlicher Betriebe unterstützen die Grünen nicht. 

Für die kommende Legislatur fordern die Grünen: 

 Die Prüfung eines Grundeinkommens für alle.  Die Verkleinerung der Lohnschere: indexierte Mindestlöhne von 22 Franken pro Stunde, was auf den Monat hochgerechnet 3800.- (bei 40 h/Woche) resp. 4000.- (42 h/Woche) ergibt, womit die Zahl der Arbeitenden, welche Sozialhilfe beanspruchen müssen, reduziert wird; einen Stopp der Abzockerlöhne.  Die Ermöglichung der gewohnten Lebensweise im Rentenalter auch für Personen mit kleinen und mittleren Löhnen dank höheren Beiträgen aus der AHV und der 2. Säule (80 Prozent des letzten Lohnes bei Löhnen bis 5000 Franken, 70 Prozent bei Löhnen bis 7000 Franken).  Im Hinblick auf die AHV-Revision die Einführung eines flexiblen Rentenalters für alle, insbesondere für Menschen mit mittleren und tiefen Einkommen.  Im Hinblick auf die 6. IV-Revision kein weiterer Abbau bei den IV-Leistungen. Eine realistische (Re-)Integration von Menschen mit Behinderung in die Arbeitswelt mit einer verbindlichen Regelung für Unternehmen; keine Streichung von Renten für einzelne Diagnosegruppen, beispielsweise mit psychosomatischen Krankheiten; sowie die Einführung von Assistenzbudgets für alle Menschen mit Behinderung.  Die Sicherstellung eines ausreichenden und für alle finanzierbaren familienergänzenden Kinderbetreuungsangebotes (inkl. Anschubfinanzierung durch den Bund).  Familienverträgliche Arbeitszeitmodelle, u.a. Teilzeitstellen, auch im Kader, für Frauen und Männer. Keine Benachteiligung für Teilzeitarbeitende bezüglich der sozialen Absicherung, vor allem im Bezug auf die Altersrente. Die Abschaffung des Koordinationsabzugs bei den Pensionskassen wird vor diesem Hintergrund unterstützt.  Eine generelle Arbeitszeitverkürzung, sechs Wochen Ferien für alle und eine Umverteilung von Erwerbs- und Nichterwerbsarbeit.  Ergänzungsleistungen für von Armut betroffene Familien.  Die Abschaffung der Verwandtenunterstützungs- und Rückzahlungspflicht in der Sozialhilfe.  Datenschutz auch für Sozialhilfebeziehende.  Die Förderung von Selbsthilfeprojekten von Arbeitslosen, SozialhilfeempfängerInnen und Armutsbetroffenen.  Die Unterstützung von Kultur-, Sport- und anderen Vereinen, welche die Solidarität und die Stärkung der sozialen Beziehungen zum Ziel haben. 

3.4 Gesundheit 

Das Ziel Grüner Gesundheitspolitik ist eine qualitativ hochstehenden Behandlung zu einem erschwinglichen Preis für alle. Prävention und Gesundheitsförderung sollen im Zentrum der Gesundheitspolitik stehen. Die Prämienerhöhungen der letzten Jahre sind für viele untragbar und gehen einher mit der Ökonomisierung des Gesundheitswesens: Das Lobbying der Krankenkassen und der Pharmaindustrie degenerieren das Gesundheitswesen und blockieren die Politik. Um das kostentreibende Schema zu durchbrechen, kämpfen die Grünen für eine öffentliche Krankenkasse. Die Grünen wollen zudem eine überregionale Planung zwischen den Spitälern anstatt des teuren Konkurrenzkampfes. Bei den Medikamenten muss der Markt für Generika weiter geöffnet werden. 

Für die kommende Legislatur fordern die Grünen: 

 Erhalt der Qualität der medizinischen Versorgung und gleicher Zugang für alle zu den notwendigen Dienstleistungen.  Einführung einer einkommensgerechten und solidarischen öffentlichen Krankenkasse.  Kinder und Jugendliche sind von Prämien zu befreien, und die Rückvergütungen an Personen mit niedrigen Einkommen müssen harmonisiert werden. Weitere Prämiensteigerungen müssen durch eine entsprechende Erhöhung der Rückvergütungen kompensiert werden.  Integrierte Versorgungsnetze, Zentralisierung der apparateintensiven Spitzenmedizin sowie überregionale Spitalplanung.  Unabhängige Forschung über die Einflüsse neuer Technologien (Elektrosmog!) auf die Gesundheit.  Geschlechterspezifische Gesundheitsförderung, welche die Unterschiede der Geschlechter in der Prävention sowie bei der Behandlung von Krankheiten berücksichtigt.  Die Aufnahme der Komplementärmedizin in die Grundversicherung.  Schutz vor schädlichen Emissionen und die Förderung einer Ernährung mit gesunden Nahrungsmitteln. 

",0.0,0.0,0.0,0.0,0.0,0.0,0.0,0.0,0.0,0.0,0.0,0.0,0.0,0.0,0.0,['0101'],2.0,23.10.2011, / ,Deutsch,PartyMan,"3. Bildung, Gesundheit und Soziales Damit in der Schweiz alle würdig und selbstbestimmt leben und an der Gesellschaft teilhaben können, braucht es gleiche Chancen für alle, unabhängig von Herkunft, Geschlecht, Alter, Religion oder Lebensform. Trotz vielen gleichstellungspolitischen Erfolgen sind Frauen in vielen Belangen immer noch benachteiligt. Ausländerinnen und Ausländer werden mit immer härteren, diskriminierenden Gesetzen ausgegrenzt, und Menschen mit Behinderungen drohen ständig Kürzungen bei der Invalidenversicherung. Um gleiche Chancen für alle zu gewährleisten, braucht es starke Sozialversicherungen und genügend Mittel für Bildung und das Gesundheitswesen. 3.1 Bildung und Forschung Die Grünen stehen ein für ein ganzheitliches, vielfältiges, integratives Schulsystem. Die Schule soll nicht nur kognitive Fähigkeiten vermitteln, sondern auch soziale und kreative Kompetenzen fördern, und zwar in einem Rahmen, der den Respekt der Menschenrechte fördert. Der duale Bildungsweg mit Betriebs-Lehrstellen inklusive Berufsmaturität und Zugang zu Fachhochschulen hat sich bewährt. Davon zeugt die im Vergleich zu anderen Ländern deutlich geringere Jugendarbeitslosigkeit in der Schweiz. Gerade deshalb sollen alle Jugendlichen, auch Sans-Papiers, eine Lehre absolvieren dürfen, um anschliessend in die Berufswelt einsteigen zu können. Zugang zu Bildung muss unabhängig sein von den sozio-ökonomischen Verhältnissen. Kinder mit Migrationshintergrund, aus bildungsfernem Milieu oder Kinder mit einem suchtoder psychisch kranken Elternteil stehen bei ihrem Eintritt in die Schule oft mit schlechten Chancen da. Es gilt, die Lebensbedingungen und damit auch die Zukunftschancen für diese Kinder zu verbessern, beispielsweise durch Frühförderung vor der Kindergartenstufe, schulergänzende Betreuungsangebote oder Mentoring. Mit guter schulischer Bildung kann das Risiko der sozialen Vererbung der Armut deutlich verkleinert werden. Ein breites Angebot an erschwinglichen und leicht zugänglichen stellt lebenslanges Lernen sicher. Echte Bildung braucht Zeit und Freiräume. Die Grünen stehen dem Bologna-Modell kritisch gegenüber. Seine Umsetzung darf nicht zu einer Ökonomisierung, Technokratisierung und Hierarchisierung der Hochschulbildung führen. Ausserdem braucht es eine starke, unabhängige Forschung an Hochschulen und Fachhochschulen mit Priorität in der Erforschung nachhaltiger Lebens- und Wirtschaftsweisen, insbesondere Ressourcen schonende Technologien und Gesellschaftsmodelle. Für die kommende Legislatur fordern die Grünen:  Die Förderung der Chancengleichheit im Bildungswesen und auf dem Arbeitsmarkt. Die Grünen fordern zu diesem Zweck ein Stipendiensystem, das allen BürgerInnen prinzipiell eine Ausbildung ermöglicht.  Den Schuleinstieg mit einer Basisstufe, einem Eintrittsalter von vier bis fünf Jahren und einer Dauer von durchschnittlich vier Jahren, sowie flexible Übertritte in integrative Oberstufen.  Die aktive Suche nach Wegen, um Schulmisserfolg, Analphabetismus und Illettrismus zu bekämpfen.  Mehr personelle Ressourcen für die Schule.  Ein Schulsystem ohne Selektion vor Ende der obligatorischen Schulzeit.  Ausbildungsplätze für alle Jugendlichen, auch für Sans-Papiers.  Anreizmassnahmen für Unternehmen, welche Lehrstellen anbieten.  Ein Recht auf Weiterbildung für alle. Dafür sollen allen mindestens fünf bezahlte Tage pro Jahr zustehen.  Eine Bildungspolitik, welche die Stärkung des Respekts der Menschenrechte und der grundlegenden Freiheiten zum Ziel hat.  Die Integration der Nachhaltigkeit in alle Kursprogramme der Berufs- und Weiterbildung.  Die Aufstockung der Mittel für Bildung, Forschung und Innovation um zehn Prozent jährlich, und damit verbunden eine Neuausrichtung der Forschungsprioritäten in Richtung nachhaltige Entwicklung, insbesondere durch die Stärkung entsprechender Lehrstühle sowie Forschungsprogramme und schwerpunkte an den Hochschulen.  Für alle neuen Technologien ist das Vorsorgeprinzip strikte anzuwenden. Es sind Richtlinien für Technologiefolgeabschätzungen zu definieren. Insbesondere braucht es so rasch als möglich gesetzliche Regelungen für die Nanotechnologie analog der Gentechnologie über die Begriffsdefinition, den Anwendungsbereich, die Haftungsfrage und die Deklarationsverpflichtung.  Eine unabhängige Forschung über die Einflüsse neuer Technologien auf die Gesundheit.  Den vollständigen Verzicht auf die Erforschung nicht-nachhaltiger Technologien, zum Beispiel Nuklearforschung. 3.2 Migration Weil die ausländischen Arbeitskräfte notwendig sind für die wirtschaftliche Entwicklung, ist die Schweiz seit Jahrzehnten ein Einwanderungsland. Während der Anteil der ausländischen Wohnbevölkerung nur 22 Prozent beträgt, stellt sie 28 Prozent der Werktätigen und trägt so wesentlich zum Wohlstand des Landes bei. Die Menschen, die ihre Heimat aus politischen oder wirtschaftlichen Gründen verlassen mussten (Flüchtlinge und Sans-Papiers), machen weniger als drei Prozent der Gesamtbevölkerung aus, leben hier oft unter sehr prekären Bedingungen und sind auf unsere Hilfe angewiesen. Nur eine offene Migrationspolitik, gekoppelt an eine Integrationspolitik, die den sozialen Zusammenhalt zwischen allen EinwohnerInnen stärkt, ist eine menschliche Politik. Für die kommende Legislatur fordern die Grünen:  Ein Integrationsgesetz, das die Chancengleichheit und den Respekt der kulturellen Vielfalt zum Ziel hat. Das Gesetz definiert, was erlaubt ist und was nicht; der Rest ist Sache der individuellen Freiheit.  Ein liberaleres Bundesgesetz über die Ausländerinnen und Ausländer, das keinen Unterschied zwischen EU-BürgerInnen und Nicht-EU-BürgerInnen macht.  Um die Situation der Sans-Papiers zu regeln, müssen alle Personen, die in der Schweiz zu korrekten und branchenüblichen Bedingungen arbeiten, eine Arbeitserlaubnis erhalten, ebenso ihre Familien. Das Heiratsverbot für Sans-Papiers soll aufgehoben werden.  Die vereinfachte Einbürgerung: AusländerInnen der zweiten Generation müssen möglichst rasch erleichtert eingebürgert werden können, AusländerInnen der dritten Generation erhalten mit der Volljährigkeit das Schweizer Bürgerrecht.  Das Einbürgerungsverfahren muss auf nationaler Ebene standardisiert werden, um zu grosse Unterschiede zwischen den Kantonen zu vermeiden. Die Wartefrist ist von zwölf auf acht Jahre zu reduzieren, wie dies in den meisten europäischen Ländern üblich ist.  Eine effiziente und gerechte Asylpolitik. Ist eine Rückführung nicht möglich, ist eine rasche Integration vorzuziehen. Neue Asylgründe wie die sexuelle Orientierung und der Klimawandel müssen stärker berücksichtigt werden. Die Schweiz soll Anfragen des UNHCR in Bezug auf Flüchtlingskontingente prüfen.  Eine einheitliche und kohärente Regelung der Finanzierung von interkulturellen ÜbersetzerInnen, welche das Verständnis zwischen ausländischen Personen sowie Fachkräften aus dem Gesundheitswesen, dem Sozialwesen und der Bildung fördern sollen.  Der Bund unterstützt Non-Profit-Organisationen und Vereine, die sich mit Migrationsfragen beschäftigen. 3.3 Gefälle zwischen Reich und Arm überwinden Das Gefälle zwischen Reich und Arm nimmt zu. Manager bezahlen sich Fantasiegehälter, während laut einer Caritas-Studie bis zu 900000 Menschen in der Schweiz Hilfe vom Sozialstaat beanspruchen müssen. Die Leistungen der Sozialversicherungen werden immer nötiger, derweil von der bürgerlichen Mehrheit ihr Abbau vorangetrieben wird. Die Grünen stehen ein für gesicherte Sozialwerke und soziale Sicherheit für alle. Eine Alternative zu Sozialhilfeleistungen ist ein generelles Grundeinkommen. Dieser zukunftstaugliche Gesellschaftsvertrag verringert Armut und Existenzängste massiv. Ökonomische Souveränität öffnet den Menschen Freiräume, um die Gesellschaft und das Arbeitsleben mitzugestalten sowie für eine Demokratie wichtige ehrenamtliche und solidarische Aufgaben zu erfüllen. Für den Zusammenhalt der Gesellschaft und den sozialen Ausgleich ist ein starker Service Public entscheidend, garantiert er doch, dass grundlegende Dienstleistungen allen Bevölkerungsgruppen unabhängig von ihrer Finanzkraft zugänglich sind. Den Bestrebungen, öffentliche Dienstleistungen auszudünnen, beispielsweise bei der Post oder den SBB, treten die Grünen daher entschieden entgegen. Auslagerungen und Privatisierungen öffentlicher Betriebe unterstützen die Grünen nicht. Für die kommende Legislatur fordern die Grünen:  Die Prüfung eines Grundeinkommens für alle.  Die Verkleinerung der Lohnschere: indexierte Mindestlöhne von 22 Franken pro Stunde, was auf den Monat hochgerechnet 3800.- (bei 40 h/Woche) resp. 4000.- (42 h/Woche) ergibt, womit die Zahl der Arbeitenden, welche Sozialhilfe beanspruchen müssen, reduziert wird; einen Stopp der Abzockerlöhne.  Die Ermöglichung der gewohnten Lebensweise im Rentenalter auch für Personen mit kleinen und mittleren Löhnen dank höheren Beiträgen aus der AHV und der 2. Säule (80 Prozent des letzten Lohnes bei Löhnen bis 5000 Franken, 70 Prozent bei Löhnen bis 7000 Franken).  Im Hinblick auf die AHV-Revision die Einführung eines flexiblen Rentenalters für alle, insbesondere für Menschen mit mittleren und tiefen Einkommen.  Im Hinblick auf die 6. IV-Revision kein weiterer Abbau bei den IV-Leistungen. Eine realistische (Re-)Integration von Menschen mit Behinderung in die Arbeitswelt mit einer verbindlichen Regelung für Unternehmen; keine Streichung von Renten für einzelne Diagnosegruppen, beispielsweise mit psychosomatischen Krankheiten; sowie die Einführung von Assistenzbudgets für alle Menschen mit Behinderung.  Die Sicherstellung eines ausreichenden und für alle finanzierbaren familienergänzenden Kinderbetreuungsangebotes (inkl. Anschubfinanzierung durch den Bund).  Familienverträgliche Arbeitszeitmodelle, u.a. Teilzeitstellen, auch im Kader, für Frauen und Männer. Keine Benachteiligung für Teilzeitarbeitende bezüglich der sozialen Absicherung, vor allem im Bezug auf die Altersrente. Die Abschaffung des Koordinationsabzugs bei den Pensionskassen wird vor diesem Hintergrund unterstützt.  Eine generelle Arbeitszeitverkürzung, sechs Wochen Ferien für alle und eine Umverteilung von Erwerbs- und Nichterwerbsarbeit.  Ergänzungsleistungen für von Armut betroffene Familien.  Die Abschaffung der Verwandtenunterstützungs- und Rückzahlungspflicht in der Sozialhilfe.  Datenschutz auch für Sozialhilfebeziehende.  Die Förderung von Selbsthilfeprojekten von Arbeitslosen, SozialhilfeempfängerInnen und Armutsbetroffenen.  Die Unterstützung von Kultur-, Sport- und anderen Vereinen, welche die Solidarität und die Stärkung der sozialen Beziehungen zum Ziel haben. 3.4 Gesundheit Das Ziel Grüner Gesundheitspolitik ist eine qualitativ hochstehenden Behandlung zu einem erschwinglichen Preis für alle. Prävention und Gesundheitsförderung sollen im Zentrum der Gesundheitspolitik stehen. Die Prämienerhöhungen der letzten Jahre sind für viele untragbar und gehen einher mit der Ökonomisierung des Gesundheitswesens: Das Lobbying der Krankenkassen und der Pharmaindustrie degenerieren das Gesundheitswesen und blockieren die Politik. Um das kostentreibende Schema zu durchbrechen, kämpfen die Grünen für eine öffentliche Krankenkasse. Die Grünen wollen zudem eine überregionale Planung zwischen den Spitälern anstatt des teuren Konkurrenzkampfes. Bei den Medikamenten muss der Markt für Generika weiter geöffnet werden. Für die kommende Legislatur fordern die Grünen:  Erhalt der Qualität der medizinischen Versorgung und gleicher Zugang für alle zu den notwendigen Dienstleistungen.  Einführung einer einkommensgerechten und solidarischen öffentlichen Krankenkasse.  Kinder und Jugendliche sind von Prämien zu befreien, und die Rückvergütungen an Personen mit niedrigen Einkommen müssen harmonisiert werden. Weitere Prämiensteigerungen müssen durch eine entsprechende Erhöhung der Rückvergütungen kompensiert werden.  Integrierte Versorgungsnetze, Zentralisierung der apparateintensiven Spitzenmedizin sowie überregionale Spitalplanung.  Unabhängige Forschung über die Einflüsse neuer Technologien (Elektrosmog!) auf die Gesundheit.  Geschlechterspezifische Gesundheitsförderung, welche die Unterschiede der Geschlechter in der Prävention sowie bei der Behandlung von Krankheiten berücksichtigt.  Die Aufnahme der Komplementärmedizin in die Grundversicherung.  Schutz vor schädlichen Emissionen und die Förderung einer Ernährung mit gesunden Nahrungsmitteln."
cd_fb_db_13022_00045_2.txt,"Text ID:
cd_fb_db_13022_00045.txt


Facebook-Post by user: Lukas Reimann
Full Name: Reimann, Lukas (SVP), Switzerland
Published on: 09.04.2015, 07:43:53

Type: Link to external Website

Description of the content:
--------------
Jetzt lesen!

Text of the posting:
-------------
Ein aufrüttelnder Tatsachenbericht: Heinz Buschkowsky, SPD-Bürgermeister von Berlin-Neukölln, Autor des Bestsellers «Neukölln ist überall», schildert die real existierende «Parallelgesellschaft» in seinem Berliner Stadtteil, der wie kaum eine andere Stadt Ziel vor allem muslimischer Einwanderung geworden ist und weiterhin bleibt. Erschreckende Kriminalitätsrate, hohe Arbeitslosigkeit, Soziallasten, Schulprobleme. Buschkowsky stellt fest: Je «gescheiter» Theoretiker argumentieren, desto ungelöster bleiben die Probleme. Anschauungsunterricht zu den Folgen der Masseneinwanderung.

",0.0,0.0,0.0,0.0,0.0,0.0,0.0,0.0,0.0,0.0,0.0,0.0,0.0,0.0,0.0,['0700'],2.0,09.04.2015, / ,Deutsch,SocialMedia,"Ein aufrüttelnder Tatsachenbericht: Heinz Buschkowsky, SPD-Bürgermeister von Berlin-Neukölln, Autor des Bestsellers «Neukölln ist überall», schildert die real existierende «Parallelgesellschaft» in seinem Berliner Stadtteil, der wie kaum eine andere Stadt Ziel vor allem muslimischer Einwanderung geworden ist und weiterhin bleibt. Erschreckende Kriminalitätsrate, hohe Arbeitslosigkeit, Soziallasten, Schulprobleme. Buschkowsky stellt fest: Je «gescheiter» Theoretiker argumentieren, desto ungelöster bleiben die Probleme. Anschauungsunterricht zu den Folgen der Masseneinwanderung."
au_pm_el_02_10008.txt,"Text ID:
au_pm_el_02_10008.txt

Party Manifesto, FPÖ (Asutria) 2002

----------------


BUDGET.

DAS ERBE.   
Im Feber 2000 hat die FPOe/OeVP Bundesregierung Oesterreich mit mehr als 145 Mrd. ? (2.000 Mrd. ATS) an Schulden (davon 123 Mrd. ? (1.700 Mrd. ATS) Finanzschulden) uebernommen. Darueber hinaus gab es enorme ausserbudgetaere Schulden in der Hoehe von 20,3 Mrd. ? (d.s.279 Mrd. ATS) bei der OeBB, OeIAG, ASFINAG usw. Um diesen Schuldenstand anzuhaeufen, hatte die sozialistische Regierung 30 Jahre ??jeden Tag 10, 4 Mio. ? (= 144 Millionen ATS), also ??jede Stunde 436.000 ? (= 6 Millionen ATS) oder ??jede Minute 7.267 ? (= 100.00 ATS) an Schulden gemacht. Fuer diese Finanzschuld, die in den letzten 30 Jahren von der SPOe aufgehaeuft wurde, musste die Bevoelkerung mehr als 7,3 Mrd. ? (d.s.100 Mrd. ATS) an Zinsen pro Jahr bezahlen. Mit einem Budgetdefizit von 2,1 % war Oesterreich hinter Portugal, Griechenland und Spanien mit weitem Abstand Schlusslicht Europas. Dies fuehrte zu massiver internationaler Kritik an der oesterreichischen Finanzpolitik durch den Internationalen Waehrungsfonds, die OECD und der Europaeischen Union. Erschwerend kam hinzu, dass notwendige Strukturreformen nicht stattgefunden haben. Weiters hat die FPOe/OeVP Bundesregierung ein drohendes Defizit fuer das Jahr 2000 in der Groessenordnung von 109 Milliarden ATS uebernommen. 

UNSER ZIEL. 
Das Budget entsprechend den Vorgaben des europaeischen Stabilitaetspaktes (d.h. Vorweisen eines ausgeglichenen Haushaltes oder eines leichten Ueberschusses) zu sanieren, wobei angestrebt wurde, erstmals im Jahre 2002 ein ?Nulldefizit? zu erreichen. 

UNSERE HANDSCHRIFT. 
Bereits mit Beginn der Regierungstaetigkeit wurden intensive Verhandlungen zwischen Bund, Laender und Gemeinden aufgenommen, um eine Konsolidierung erreichen zu koennen. Darueber hinaus wurden starke Restriktionen auch fuer Bundesdienststellen eingefuehrt. Durch eine Vielzahl von Massnahmen war es moeglich, das angestrebte ""Nulldefizit"" bereits im Jahr 2001 zu erreichen. Hiezu zaehlen: 
Abschluss des Stabilitaetspaktes mit den Laendern. 
Verwaltungsreform: Modernisierung der oeffentlichen Verwaltung, dass diese dem Grundsatz einer professionellen Kundenorientierung, einer effizienten und auf modernen Informationstechnologien aufbauenden Dienstleistungsmentalitaet entspricht. Abbau von 15.000 Planstellen ( 4.000 durch Ausgliederungen). 
Pensionsreform zur langfristigen Sicherung der Pensionen. 
Gesundheitsreform, um die hohen oesterreichischen Standards auch weiterhin finanzieren zu koennen. 
Neuorganisation des Beschaffungswesens des Bundes zur Erzielung bestmoeglicher Einkaufskonditionen. 
effizientere Immobiliennutzung des Bundes durch Uebertragung der Liegenschaften an die Bundesimmobiliengesellschaft. 
Einfuehrung neuer Methoden des Controlling und der Kostenrechnung. 
Entwicklung von Leistungskennzahlen. 
Umstellung des oeffentlichen Rechnungswesens auf Standardsoftware. 
Forcierter Ausbau von E-Government (alle Amtswege auch online). 
Privatisierung zum Schuldenabbau bei der OeIAG. 
Zusammenfuehrung von Ergebnis- und Ressourcenverantwortung im Haushaltsrecht. 
Dezentralisierung der Budgetverantwortung durch die sogenannte ""Flexiklausel"". 
Reduzierung des hohen Ausmasses von Steuerrueckstaenden. 
Schwarzarbeitsbekaempfung.

UNSER ERFOLG. 
Unter der Federfuehrung des freiheitlichen Finanzministers konnte das fuer 2002 geplante ?Nulldefizit?, d.h. ein ausgeglichener Haushalt bereits im Jahr 2001 erreicht werden. Im Ergebnis bedeutet das keine neuen Schulden mehr. 

WIR GESTALTEN DIE ZUKUNFT. 
Seit 2001 hat Oesterreich die Folgen eines weltweiten Konjunktureinbruches, des Terroranschlages vom 11. September 2001, eines weltweiten Boersencrashs sowie eines Jahrtausendhochwassers bewaeltigen muessen. Um diese Auswirkungen von Oesterreich moeglichst fernhalten bzw. bewaeltigen zu koennen, hat die FPOe/OeVP-Bundesregierung zwei Konjunkturbelebungsprogramme in der Hoehe von insgesamt 1.500 Mio. ? (Paket I: 900 Mio. ? und Paket II 600 Mio. ?) beschlossen. Zur Bewaeltigung des Jahrtausendhochwassers wurde eine Gesamthilfe im Wert von ca. 2 Mrd. ? in Aussicht gestellt. Dass angesichts dieser Umstaende das Nettodefizit der oeffentlichen Haushalte 2002 nicht ueber 1,5% liegen soll, ist ein Riesenverdienst des freiheitlichen Finanzministers und zeigt, dass diese Bundesregierung seit ihrem Regierungsantritt die richtige Budgetpolitik betrieben hat. Denn nur dadurch war es moeglich, trotz der Katastrophen Hilfestellungen zu leisten, ohne dadurch den Staatshaushalt zu gefaehrden. Es steht ausser Streit, dass ueber einen Konjunkturzyklus ein ausgeglichener Haushalt erreicht werden muss. Hiezu scheint es notwendig: 
Weitere Fortfuehrung der Strukturreformen. 
Ressortweise Einfuehrung einer Globalbudgetierung, mit dem Ziel, einen flexiblen Budgetvollzug zu gewaehrleisten, die Eigenverantwortung zu erhoehen und Ergebnis- und Ressourcenverwaltung miteinander zu verbinden. 
Weiterentwicklung einer Kosten- und Leistungsrechnung und Vereinfachung von Regulativen und Verfahren z.B. im Bereich Reisekosten. 
Weiterentwicklung von Qualitaetsmanagementsystemen. 
Fortfuehrung von internen und externen Benchmarking. 
Transparente Darstellung der Ergebnisse bei interner und externer erbrachten Leistungen. 
Weiterentwicklung von Leistungsindikatoren. 
Kostenreduktion in der oeffentlichen Verwaltung nach dem Grundsatz, dass die Aufgaben- und Ausgabenverantwortung zusammenfaellt.


",1.0,0.0,1.0,0.0,0.0,1.0,0.0,0.0,0.0,0.0,0.0,0.0,1.0,1.0,0.0,['0301'],2.0,24.11.2002, / ,Deutsch,Past_PartyMan,"BUDGET. DAS ERBE. Im Feber 2000 hat die FPOe/OeVP Bundesregierung Oesterreich mit mehr als 145 Mrd. ? (2.000 Mrd. ATS) an Schulden (davon 123 Mrd. ? (1.700 Mrd. ATS) Finanzschulden) uebernommen. Darueber hinaus gab es enorme ausserbudgetaere Schulden in der Hoehe von 20,3 Mrd. ? (d.s.279 Mrd. ATS) bei der OeBB, OeIAG, ASFINAG usw. Um diesen Schuldenstand anzuhaeufen, hatte die sozialistische Regierung 30 Jahre ??jeden Tag 10, 4 Mio. ? (= 144 Millionen ATS), also ??jede Stunde 436.000 ? (= 6 Millionen ATS) oder ??jede Minute 7.267 ? (= 100.00 ATS) an Schulden gemacht. Fuer diese Finanzschuld, die in den letzten 30 Jahren von der SPOe aufgehaeuft wurde, musste die Bevoelkerung mehr als 7,3 Mrd. ? (d.s.100 Mrd. ATS) an Zinsen pro Jahr bezahlen. Mit einem Budgetdefizit von 2,1 % war Oesterreich hinter Portugal, Griechenland und Spanien mit weitem Abstand Schlusslicht Europas. Dies fuehrte zu massiver internationaler Kritik an der oesterreichischen Finanzpolitik durch den Internationalen Waehrungsfonds, die OECD und der Europaeischen Union. Erschwerend kam hinzu, dass notwendige Strukturreformen nicht stattgefunden haben. Weiters hat die FPOe/OeVP Bundesregierung ein drohendes Defizit fuer das Jahr 2000 in der Groessenordnung von 109 Milliarden ATS uebernommen. UNSER ZIEL. Das Budget entsprechend den Vorgaben des europaeischen Stabilitaetspaktes (d.h. Vorweisen eines ausgeglichenen Haushaltes oder eines leichten Ueberschusses) zu sanieren, wobei angestrebt wurde, erstmals im Jahre 2002 ein ?Nulldefizit? zu erreichen. UNSERE HANDSCHRIFT. Bereits mit Beginn der Regierungstaetigkeit wurden intensive Verhandlungen zwischen Bund, Laender und Gemeinden aufgenommen, um eine Konsolidierung erreichen zu koennen. Darueber hinaus wurden starke Restriktionen auch fuer Bundesdienststellen eingefuehrt. Durch eine Vielzahl von Massnahmen war es moeglich, das angestrebte ""Nulldefizit"" bereits im Jahr 2001 zu erreichen. Hiezu zaehlen: Abschluss des Stabilitaetspaktes mit den Laendern. Verwaltungsreform: Modernisierung der oeffentlichen Verwaltung, dass diese dem Grundsatz einer professionellen Kundenorientierung, einer effizienten und auf modernen Informationstechnologien aufbauenden Dienstleistungsmentalitaet entspricht. Abbau von 15.000 Planstellen ( 4.000 durch Ausgliederungen). Pensionsreform zur langfristigen Sicherung der Pensionen. Gesundheitsreform, um die hohen oesterreichischen Standards auch weiterhin finanzieren zu koennen. Neuorganisation des Beschaffungswesens des Bundes zur Erzielung bestmoeglicher Einkaufskonditionen. effizientere Immobiliennutzung des Bundes durch Uebertragung der Liegenschaften an die Bundesimmobiliengesellschaft. Einfuehrung neuer Methoden des Controlling und der Kostenrechnung. Entwicklung von Leistungskennzahlen. Umstellung des oeffentlichen Rechnungswesens auf Standardsoftware. Forcierter Ausbau von E-Government (alle Amtswege auch online). Privatisierung zum Schuldenabbau bei der OeIAG. Zusammenfuehrung von Ergebnis- und Ressourcenverantwortung im Haushaltsrecht. Dezentralisierung der Budgetverantwortung durch die sogenannte ""Flexiklausel"". Reduzierung des hohen Ausmasses von Steuerrueckstaenden. Schwarzarbeitsbekaempfung. UNSER ERFOLG. Unter der Federfuehrung des freiheitlichen Finanzministers konnte das fuer 2002 geplante ?Nulldefizit?, d.h. ein ausgeglichener Haushalt bereits im Jahr 2001 erreicht werden. Im Ergebnis bedeutet das keine neuen Schulden mehr. WIR GESTALTEN DIE ZUKUNFT. Seit 2001 hat Oesterreich die Folgen eines weltweiten Konjunktureinbruches, des Terroranschlages vom 11. September 2001, eines weltweiten Boersencrashs sowie eines Jahrtausendhochwassers bewaeltigen muessen. Um diese Auswirkungen von Oesterreich moeglichst fernhalten bzw. bewaeltigen zu koennen, hat die FPOe/OeVP-Bundesregierung zwei Konjunkturbelebungsprogramme in der Hoehe von insgesamt 1.500 Mio. ? (Paket I: 900 Mio. ? und Paket II 600 Mio. ?) beschlossen. Zur Bewaeltigung des Jahrtausendhochwassers wurde eine Gesamthilfe im Wert von ca. 2 Mrd. ? in Aussicht gestellt. Dass angesichts dieser Umstaende das Nettodefizit der oeffentlichen Haushalte 2002 nicht ueber 1,5% liegen soll, ist ein Riesenverdienst des freiheitlichen Finanzministers und zeigt, dass diese Bundesregierung seit ihrem Regierungsantritt die richtige Budgetpolitik betrieben hat. Denn nur dadurch war es moeglich, trotz der Katastrophen Hilfestellungen zu leisten, ohne dadurch den Staatshaushalt zu gefaehrden. Es steht ausser Streit, dass ueber einen Konjunkturzyklus ein ausgeglichener Haushalt erreicht werden muss. Hiezu scheint es notwendig: Weitere Fortfuehrung der Strukturreformen. Ressortweise Einfuehrung einer Globalbudgetierung, mit dem Ziel, einen flexiblen Budgetvollzug zu gewaehrleisten, die Eigenverantwortung zu erhoehen und Ergebnis- und Ressourcenverwaltung miteinander zu verbinden. Weiterentwicklung einer Kosten- und Leistungsrechnung und Vereinfachung von Regulativen und Verfahren z.B. im Bereich Reisekosten. Weiterentwicklung von Qualitaetsmanagementsystemen. Fortfuehrung von internen und externen Benchmarking. Transparente Darstellung der Ergebnisse bei interner und externer erbrachten Leistungen. Weiterentwicklung von Leistungsindikatoren. Kostenreduktion in der oeffentlichen Verwaltung nach dem Grundsatz, dass die Aufgaben- und Ausgabenverantwortung zusammenfaellt."
de_pr_el_13_051027.txt,"Text-ID: de_pr_el_13_051027.txt

Press Release from Party: Linke

country      = de
partylabel   = dielinke
partytype    = fraktion
date         = 16.09.13

Paul Schäfer: Unionspolitiker fordern mehr Mut zum Krieg und zur Folter
-----------------------------------------------------------------------

NA
Berlin (ots) - ""Rüstungsexporte sind ein Beitrag zu 
Menschenrechtsverletzungen, Krieg und Folter. Dazu mehr Mut zu 
fordern und Stolz auf Exporterfolge anzumahnen, ist zutiefst 
zynisch"", kommentiert Paul Schäfer, verteidigungspolitischer Sprecher
der Fraktion DIE LINKE, ein Strategiepapier von Unionspolitikern, das
die Aufweichung der Exportrichtlinien fordert. Schäfer weiter:

   ""Die Bundesregierung hat in der Vergangenheit wenig Skrupel 
gezeigt, mehr oder minder heimlich auch Bürgerkriegsparteien und 
Folterregime mit Waffen und Technik Made in Germany hochzurüsten. 
Schlechtes wird aber nicht besser, wenn man die Regeln so ändert, 
dass man es künftig es offen tun kann. Profit darf nicht auf Kosten 
moralischer und rechtlicher Standards erwirtschaftet werden. In 
puncto Rüstungsexporte gibt es damit nur eine Lösung und die heißt 
Verbot und kann nur mit der LINKEN umgesetzt werden.""



Pressekontakt:
Hendrik Thalheim
Pressesprecher
Fraktion DIE LINKE. im Bundestag
Platz der Republik 1
11011 Berlin
Telefon +4930/227-52800
Telefax +4930/227-56801
pressesprecher@linksfraktion.de

",1.0,0.0,1.0,0.0,0.0,1.0,0.0,0.0,0.0,0.0,0.0,0.0,1.0,1.0,0.0,['0403'],2.0,22.09.2013, / ,Deutsch,PressRelease,"NA Berlin (ots) - ""Rüstungsexporte sind ein Beitrag zu Menschenrechtsverletzungen, Krieg und Folter. Dazu mehr Mut zu fordern und Stolz auf Exporterfolge anzumahnen, ist zutiefst zynisch"", kommentiert Paul Schäfer, verteidigungspolitischer Sprecher der Fraktion DIE LINKE, ein Strategiepapier von Unionspolitikern, das die Aufweichung der Exportrichtlinien fordert. Schäfer weiter: ""Die Bundesregierung hat in der Vergangenheit wenig Skrupel gezeigt, mehr oder minder heimlich auch Bürgerkriegsparteien und Folterregime mit Waffen und Technik Made in Germany hochzurüsten. Schlechtes wird aber nicht besser, wenn man die Regeln so ändert, dass man es künftig es offen tun kann. Profit darf nicht auf Kosten moralischer und rechtlicher Standards erwirtschaftet werden. In puncto Rüstungsexporte gibt es damit nur eine Lösung und die heißt Verbot und kann nur mit der LINKEN umgesetzt werden."" Pressekontakt: Hendrik Thalheim Pressesprecher Fraktion DIE LINKE. im Bundestag Platz der Republik 1 11011 Berlin Telefon +4930/227-52800 Telefax +4930/227-56801 pressesprecher@linksfraktion.de"
au_pr_el_13_010036.txt,"Text-ID: at_pr_el_13_010036.txt

Press Release from Party: SPÖ

country      = at
partylabel   = spö
partytype    = all
date         = 26.09.13

Bayr zum Welttourismustag: Tourismus darf Süßwasserreserven und Meere nicht verunreinigen
-----------------------------------------------------------------------------------------

Schwerpunkt 2013: Tourismus und Wasser - Schützen wir unsere
      gemeinsame Zukunft
Wien (OTS/SK) - Anlässlich des Welttourismustages am 27. September
macht Petra Bayr, Bereichssprecherin für globale Entwicklung der SPÖ,
auf den Zusammenhang zwischen Tourismus und dem Schutz der Meere
sowie der Süßwasserreserven aufmerksam: ""Wasser zieht Touristen an.
Der Malawisee in Ostafrika, die Küste von Goa in Südindien oder die
weißen Sandstrände der Karibik sind wahre Touristenmagnete. Sie
kurbeln im besten Fall die lokale Wirtschaft an und setzen
Entwicklungsimpulse."" Die jährliche Milliarde internationaler
Touristinnen und Touristen trägt aber leider auch zur Verunreinigung
der Gewässer bei, mahnt Bayr: ""Missachten die Hotelanlagen den
Umweltschutz, verunreinigen Touristen die Gewässer, zerstören die
zugehörige Flora und Fauna, sind die jeweiligen Nationalstaaten im
eigenen Interesse aufgerufen, einzuschreiten."" ****
Denn der Zugang zu sauberem Trinkwasser ist in vielen Regionen der
Welt nicht selbstverständlich, über einer Milliarde Menschen fehlt
dieser laut Angaben der Weltgesundheitsorganisation WHO.
""Süßwasserreserven sind verunreinigt, es mangelt an der nötigen
Infrastruktur oder die Menschen können sich sauberes Trinkwasser
einfach nicht leisten"", stellt Bayr am Donnerstag gegenüber dem
SPÖ-Pressedienst fest. In der Folge sterben jährlich etwa eine
Million Menschen an Durchfallerkrankungen, die in den meisten Fällen
auf fehlenden Zugang zu sauberem Trinkwasser und zu sanitären
Einrichtungen zurückzuführen sind. Den Zusammenhang zwischen Wasser
und Tourismus zu sehen und zu berücksichtigen, kann einen sinnvollen
Beitrag leisten, ist Bayr überzeugt: ""Tourismus muss zum
Gewässerschutz beitragen und mögliche Gewinne könnten in die
Wasserversorgung der Bevölkerung investiert werden."" (Schluss) bj/mp


",0.0,0.0,0.0,0.0,0.0,0.0,0.0,0.0,0.0,0.0,0.0,0.0,0.0,0.0,0.0,['1002'],2.0,29.09.2013, / ,Deutsch,PressRelease,"Schwerpunkt 2013: Tourismus und Wasser - Schützen wir unsere gemeinsame Zukunft Wien (OTS/SK) - Anlässlich des Welttourismustages am 27. September macht Petra Bayr, Bereichssprecherin für globale Entwicklung der SPÖ, auf den Zusammenhang zwischen Tourismus und dem Schutz der Meere sowie der Süßwasserreserven aufmerksam: ""Wasser zieht Touristen an. Der Malawisee in Ostafrika, die Küste von Goa in Südindien oder die weißen Sandstrände der Karibik sind wahre Touristenmagnete. Sie kurbeln im besten Fall die lokale Wirtschaft an und setzen Entwicklungsimpulse."" Die jährliche Milliarde internationaler Touristinnen und Touristen trägt aber leider auch zur Verunreinigung der Gewässer bei, mahnt Bayr: ""Missachten die Hotelanlagen den Umweltschutz, verunreinigen Touristen die Gewässer, zerstören die zugehörige Flora und Fauna, sind die jeweiligen Nationalstaaten im eigenen Interesse aufgerufen, einzuschreiten.""  Denn der Zugang zu sauberem Trinkwasser ist in vielen Regionen der Welt nicht selbstverständlich, über einer Milliarde Menschen fehlt dieser laut Angaben der Weltgesundheitsorganisation WHO. ""Süßwasserreserven sind verunreinigt, es mangelt an der nötigen Infrastruktur oder die Menschen können sich sauberes Trinkwasser einfach nicht leisten"", stellt Bayr am Donnerstag gegenüber dem SPÖ-Pressedienst fest. In der Folge sterben jährlich etwa eine Million Menschen an Durchfallerkrankungen, die in den meisten Fällen auf fehlenden Zugang zu sauberem Trinkwasser und zu sanitären Einrichtungen zurückzuführen sind. Den Zusammenhang zwischen Wasser und Tourismus zu sehen und zu berücksichtigen, kann einen sinnvollen Beitrag leisten, ist Bayr überzeugt: ""Tourismus muss zum Gewässerschutz beitragen und mögliche Gewinne könnten in die Wasserversorgung der Bevölkerung investiert werden."" (Schluss) bj/mp"
